InvoiceNo,StockCode,Description,Quantity,InvoiceDate,UnitPrice,CustomerID,Country
536370,POST,POSTAGE,3,2010-12-01 08:45:00,18.0,12583,France
536403,POST,POSTAGE,1,2010-12-01 11:27:00,15.0,12791,Netherlands
536527,POST,POSTAGE,1,2010-12-01 13:04:00,18.0,12662,Germany
536569,M,Manual,1,2010-12-01 15:35:00,1.25,16274,United Kingdom
536569,M,Manual,1,2010-12-01 15:35:00,18.95,16274,United Kingdom
536779,BANK CHARGES,Bank Charges,1,2010-12-02 15:08:00,15.0,15823,United Kingdom
536840,POST,POSTAGE,1,2010-12-02 18:27:00,18.0,12738,Germany
536852,POST,POSTAGE,1,2010-12-03 09:51:00,18.0,12686,France
536858,POST,POSTAGE,2,2010-12-03 10:36:00,40.0,13520,Switzerland
536861,POST,POSTAGE,3,2010-12-03 10:44:00,18.0,12427,Germany
536967,POST,POSTAGE,1,2010-12-03 12:57:00,18.0,12600,Germany
536974,POST,POSTAGE,2,2010-12-03 13:59:00,18.0,12682,France
536981,M,Manual,2,2010-12-03 14:26:00,0.85,14723,United Kingdom
536983,POST,POSTAGE,1,2010-12-03 14:30:00,18.0,12712,Germany
536990,POST,POSTAGE,1,2010-12-03 15:14:00,28.0,12793,Portugal
537022,POST,POSTAGE,2,2010-12-03 15:45:00,28.0,12725,Italy
537026,POST,POSTAGE,2,2010-12-03 16:35:00,18.0,12395,Belgium
537065,POST,POSTAGE,9,2010-12-05 11:57:00,18.0,12567,France
537077,M,Manual,12,2010-12-05 11:59:00,0.42,17062,United Kingdom
537137,M,Manual,36,2010-12-05 12:43:00,0.85,16327,United Kingdom
537140,M,Manual,1,2010-12-05 12:53:00,0.42,12748,United Kingdom
537140,M,Manual,1,2010-12-05 12:53:00,0.85,12748,United Kingdom
537197,POST,POSTAGE,3,2010-12-05 14:02:00,18.0,12647,Germany
537198,POST,POSTAGE,1,2010-12-05 14:03:00,18.0,12647,Germany
537199,M,Manual,1,2010-12-05 14:06:00,0.65,15894,United Kingdom
537201,POST,POSTAGE,6,2010-12-05 14:19:00,18.0,12472,Germany
537208,M,Manual,4,2010-12-05 15:12:00,0.85,15889,United Kingdom
537212,POST,POSTAGE,4,2010-12-05 15:21:00,18.0,12720,Germany
537225,M,Manual,1,2010-12-05 16:41:00,1.0,12748,United Kingdom
537246,POST,POSTAGE,1,2010-12-06 10:27:00,28.0,12808,Portugal
537250,POST,POSTAGE,1,2010-12-06 10:43:00,18.0,12708,Germany
537377,M,Manual,12,2010-12-06 13:01:00,0.19,15882,United Kingdom
537392,M,Manual,5,2010-12-06 13:58:00,1.25,17068,United Kingdom
537396,M,Manual,1,2010-12-06 14:08:00,35.0,17223,United Kingdom
537435,M,Manual,2,2010-12-06 16:58:00,5.95,17920,United Kingdom
537463,POST,POSTAGE,4,2010-12-07 10:08:00,18.0,12681,France
537468,POST,POSTAGE,3,2010-12-07 10:36:00,18.0,12567,France
537594,POST,POSTAGE,5,2010-12-07 12:28:00,18.0,12647,Germany
537673,POST,POSTAGE,7,2010-12-08 09:49:00,18.0,12709,Germany
537693,POST,POSTAGE,1,2010-12-08 10:45:00,18.0,12441,France
537800,M,Manual,12,2010-12-08 13:08:00,0.19,12748,United Kingdom
537804,M,Manual,12,2010-12-08 13:17:00,2.95,12748,United Kingdom
537804,M,Manual,12,2010-12-08 13:17:00,0.19,12748,United Kingdom
537818,POST,POSTAGE,6,2010-12-08 13:53:00,28.0,12766,Portugal
537892,POST,POSTAGE,1,2010-12-09 10:13:00,18.0,12481,Germany
537894,POST,POSTAGE,2,2010-12-09 10:16:00,18.0,12621,Germany
537897,POST,POSTAGE,1,2010-12-09 10:37:00,18.0,12683,France
537915,POST,POSTAGE,1,2010-12-09 10:55:00,28.0,12797,Portugal
537967,POST,POSTAGE,1,2010-12-09 11:31:00,18.0,12494,France
537995,POST,POSTAGE,2,2010-12-09 11:39:00,18.0,12712,Germany
538003,POST,POSTAGE,8,2010-12-09 12:05:00,18.0,12429,Denmark
538008,POST,POSTAGE,5,2010-12-09 12:17:00,18.0,12683,France
538093,POST,POSTAGE,5,2010-12-09 14:49:00,18.0,12682,France
538147,M,Manual,1,2010-12-09 16:11:00,15.0,13090,United Kingdom
538175,POST,POSTAGE,21,2010-12-10 09:48:00,18.0,12471,Germany
538196,POST,POSTAGE,8,2010-12-10 10:56:00,18.0,12731,France
538311,POST,POSTAGE,2,2010-12-10 13:48:00,28.0,12785,Portugal
538525,POST,POSTAGE,5,2010-12-13 09:39:00,28.0,12540,Spain
538597,M,Manual,1,2010-12-13 12:26:00,1.25,15555,United Kingdom
538685,POST,POSTAGE,1,2010-12-14 09:39:00,15.0,15694,United Kingdom
538707,M,Manual,2,2010-12-14 10:38:00,0.21,17894,United Kingdom
538807,M,Manual,4,2010-12-14 12:06:00,0.21,17194,United Kingdom
538807,M,Manual,1,2010-12-14 12:06:00,20.0,17194,United Kingdom
538807,M,Manual,1,2010-12-14 12:06:00,5.0,17194,United Kingdom
539014,M,Manual,48,2010-12-15 13:37:00,0.32,17692,United Kingdom
539056,M,Manual,1,2010-12-15 16:38:00,1.45,16725,United Kingdom
539317,M,Manual,2,2010-12-16 19:04:00,3.0,17392,United Kingdom
539318,POST,POSTAGE,6,2010-12-16 19:09:00,40.0,12348,Finland
539327,POST,POSTAGE,1,2010-12-17 09:24:00,18.0,12600,Germany
539330,POST,POSTAGE,3,2010-12-17 09:38:00,40.0,12370,Austria
539353,POST,POSTAGE,3,2010-12-17 11:30:00,28.0,12782,Portugal
539391,POST,POSTAGE,2,2010-12-17 11:51:00,15.0,12417,Belgium
539395,POST,POSTAGE,11,2010-12-17 11:52:00,18.0,12471,Germany
539403,POST,POSTAGE,2,2010-12-17 12:21:00,18.0,12647,Germany
539405,POST,POSTAGE,6,2010-12-17 12:38:00,18.0,12621,Germany
539407,POST,POSTAGE,1,2010-12-17 12:56:00,18.0,12726,France
539408,POST,POSTAGE,3,2010-12-17 12:56:00,18.0,12720,Germany
539435,POST,POSTAGE,1,2010-12-17 14:46:00,18.0,12691,France
539446,POST,POSTAGE,9,2010-12-17 15:58:00,18.0,12705,Germany
539447,POST,POSTAGE,3,2010-12-17 16:00:00,18.0,12395,Belgium
539466,POST,POSTAGE,4,2010-12-19 12:46:00,18.0,12668,Germany
539491,POST,POSTAGE,1,2010-12-20 10:09:00,15.0,14646,Netherlands
539551,POST,POSTAGE,1,2010-12-20 11:38:00,18.0,12721,France
539607,POST,POSTAGE,5,2010-12-20 14:10:00,18.0,12681,France
539636,POST,POSTAGE,6,2010-12-20 15:15:00,18.0,12481,Germany
539676,POST,POSTAGE,3,2010-12-21 10:54:00,15.0,12423,Belgium
539727,POST,POSTAGE,1,2010-12-21 14:26:00,18.0,12678,France
539752,POST,POSTAGE,3,2010-12-21 15:43:00,35.0,12515,Italy
539840,POST,POSTAGE,3,2010-12-22 14:28:00,15.0,12383,Belgium
539946,POST,POSTAGE,1,2010-12-23 11:46:00,18.0,13817,Germany
539957,POST,POSTAGE,6,2010-12-23 12:58:00,18.0,12585,Germany
539988,M,Manual,18,2010-12-23 16:06:00,0.2,18116,United Kingdom
540021,M,Manual,1,2011-01-04 12:51:00,1.25,17841,United Kingdom
540040,POST,POSTAGE,5,2011-01-04 14:20:00,40.0,12483,Sweden
540073,M,Manual,6,2011-01-04 14:47:00,1.65,16814,United Kingdom
540178,POST,POSTAGE,3,2011-01-05 12:42:00,18.0,12681,France
540239,POST,POSTAGE,4,2011-01-05 14:48:00,18.0,12682,France
540242,M,Manual,1,2011-01-05 15:30:00,18.95,15046,United Kingdom
540278,M,Manual,1,2011-01-06 12:31:00,1.65,15719,United Kingdom
540351,POST,POSTAGE,2,2011-01-06 14:26:00,18.0,12735,France
540365,POST,POSTAGE,3,2011-01-06 16:12:00,18.0,12413,France
540410,POST,POSTAGE,3,2011-01-07 10:04:00,18.0,12530,Germany
540414,POST,POSTAGE,3,2011-01-07 10:32:00,18.0,12481,Germany
540455,POST,POSTAGE,3,2011-01-07 12:07:00,18.0,12583,France
540458,POST,POSTAGE,8,2011-01-07 12:28:00,18.0,12501,Germany
540463,POST,POSTAGE,2,2011-01-07 13:13:00,18.0,12489,France
540469,POST,POSTAGE,4,2011-01-07 14:04:00,28.0,12484,Spain
540480,POST,POSTAGE,4,2011-01-07 15:27:00,18.0,12480,Germany
540519,POST,POSTAGE,2,2011-01-09 12:12:00,28.0,12793,Portugal
540546,POST,POSTAGE,3,2011-01-09 15:56:00,28.0,12766,Portugal
540553,POST,POSTAGE,1,2011-01-10 09:48:00,18.0,12500,Germany
540562,POST,POSTAGE,3,2011-01-10 10:35:00,18.0,12524,Germany
540566,M,Manual,1,2011-01-10 10:58:00,6.7,17811,United Kingdom
540642,POST,POSTAGE,7,2011-01-10 13:22:00,18.0,12681,France
540688,POST,POSTAGE,5,2011-01-11 07:57:00,18.0,12736,France
540769,POST,POSTAGE,1,2011-01-11 10:38:00,18.0,12601,Germany
540789,POST,POSTAGE,2,2011-01-11 11:48:00,18.0,12643,France
540801,POST,POSTAGE,6,2011-01-11 12:25:00,28.0,12540,Spain
540824,POST,POSTAGE,2,2011-01-11 13:31:00,18.0,12728,France
540835,POST,POSTAGE,1,2011-01-11 15:00:00,18.0,12724,France
540839,M,Manual,1,2011-01-11 15:42:00,12.75,16791,United Kingdom
540900,POST,POSTAGE,2,2011-01-12 11:46:00,18.0,12712,Germany
540971,POST,POSTAGE,4,2011-01-12 14:10:00,15.0,12383,Belgium
540972,POST,POSTAGE,3,2011-01-12 14:13:00,18.0,12437,France
540976,POST,POSTAGE,7,2011-01-12 15:00:00,18.0,12652,France
541093,POST,POSTAGE,5,2011-01-13 13:21:00,18.0,12471,Germany
541115,POST,POSTAGE,7,2011-01-13 15:34:00,28.0,12578,Italy
541120,POST,POSTAGE,5,2011-01-14 09:13:00,18.0,12490,France
541122,POST,POSTAGE,2,2011-01-14 09:23:00,18.0,12708,Germany
541125,POST,POSTAGE,1,2011-01-14 10:06:00,18.0,12474,Germany
541138,POST,POSTAGE,6,2011-01-14 10:42:00,18.0,12553,France
541224,POST,POSTAGE,1,2011-01-14 14:45:00,18.0,12474,Germany
541265,M,Manual,2,2011-01-16 16:23:00,1.25,17609,United Kingdom
541269,POST,POSTAGE,8,2011-01-17 11:01:00,18.0,12626,Germany
541405,POST,POSTAGE,5,2011-01-17 15:17:00,18.0,12683,France
541430,POST,POSTAGE,18,2011-01-18 09:50:00,18.0,12356,Portugal
541480,POST,POSTAGE,1,2011-01-18 12:05:00,18.0,12527,Germany
541485,M,Manual,12,2011-01-18 13:05:00,0.2,18118,United Kingdom
541491,POST,POSTAGE,3,2011-01-18 14:04:00,28.0,12510,Spain
541505,BANK CHARGES,Bank Charges,1,2011-01-18 15:58:00,15.0,15939,United Kingdom
541517,POST,POSTAGE,1,2011-01-19 08:34:00,18.0,12665,Germany
541564,M,Manual,10,2011-01-19 11:38:00,0.38,16904,United Kingdom
541567,POST,POSTAGE,3,2011-01-19 11:51:00,18.0,12681,France
541569,POST,POSTAGE,3,2011-01-19 12:14:00,40.0,13520,Switzerland
541631,POST,POSTAGE,6,2011-01-20 10:48:00,18.0,12637,France
541658,M,Manual,1,2011-01-20 12:16:00,2.55,15529,United Kingdom
541675,POST,POSTAGE,2,2011-01-20 13:49:00,15.0,12402,Belgium
541703,POST,POSTAGE,2,2011-01-21 09:52:00,28.0,12594,Italy
541756,POST,POSTAGE,2,2011-01-21 11:42:00,40.0,12664,Finland
541808,M,Manual,1,2011-01-21 14:51:00,10.0,16210,United Kingdom
541857,POST,POSTAGE,6,2011-01-23 15:17:00,18.0,12727,France
541877,POST,POSTAGE,2,2011-01-24 10:12:00,18.0,12559,Germany
541962,POST,POSTAGE,2,2011-01-24 12:58:00,18.0,12693,Germany
541965,POST,POSTAGE,7,2011-01-24 13:27:00,18.0,12625,Germany
541980,POST,POSTAGE,1,2011-01-24 15:09:00,28.0,12421,Spain
541983,M,Manual,1,2011-01-24 15:47:00,15.0,15797,United Kingdom
541991,POST,POSTAGE,2,2011-01-25 09:11:00,15.0,12417,Belgium
541998,POST,POSTAGE,1,2011-01-25 10:42:00,40.0,12348,Finland
542080,POST,POSTAGE,5,2011-01-25 12:16:00,18.0,13815,Germany
542128,POST,POSTAGE,2,2011-01-25 15:13:00,18.0,12609,Germany
542132,POST,POSTAGE,2,2011-01-25 15:59:00,18.0,12691,France
542147,POST,POSTAGE,4,2011-01-26 10:02:00,28.0,12782,Portugal
542215,POST,POSTAGE,3,2011-01-26 12:27:00,18.0,12472,Germany
542229,POST,POSTAGE,1,2011-01-26 13:38:00,18.0,12474,Germany
542238,POST,POSTAGE,3,2011-01-26 14:35:00,28.0,12591,Italy
542369,POST,POSTAGE,1,2011-01-27 13:08:00,18.0,12645,Germany
542371,POST,POSTAGE,2,2011-01-27 13:29:00,18.0,12468,Germany
542375,POST,POSTAGE,2,2011-01-27 13:42:00,18.0,12626,Germany
542398,M,Manual,1,2011-01-27 15:36:00,4.0,13174,United Kingdom
542425,POST,POSTAGE,2,2011-01-28 09:20:00,18.0,12574,France
542433,POST,POSTAGE,2,2011-01-28 10:45:00,18.0,12726,France
542535,POST,POSTAGE,3,2011-01-28 13:37:00,18.0,12735,France
542586,POST,POSTAGE,2,2011-01-28 15:45:00,40.0,12377,Switzerland
542621,POST,POSTAGE,3,2011-01-31 09:05:00,18.0,12528,Germany
542626,POST,POSTAGE,2,2011-01-31 09:51:00,18.0,12720,Germany
542648,POST,POSTAGE,5,2011-01-31 11:46:00,18.0,12476,Germany
542713,POST,POSTAGE,7,2011-01-31 13:27:00,18.0,12668,Germany
542717,M,Manual,1,2011-01-31 14:07:00,2.95,17580,United Kingdom
542720,POST,POSTAGE,1,2011-01-31 14:35:00,15.0,12778,Netherlands
542735,POST,POSTAGE,3,2011-01-31 15:36:00,18.0,12681,France
542782,POST,POSTAGE,2,2011-02-01 10:00:00,18.0,12712,Germany
542887,POST,POSTAGE,1,2011-02-01 13:10:00,40.0,12373,Austria
542894,POST,POSTAGE,2,2011-02-01 13:45:00,15.0,12775,Netherlands
542904,POST,POSTAGE,3,2011-02-01 14:58:00,18.0,12682,France
542905,POST,POSTAGE,1,2011-02-01 15:11:00,28.0,12540,Spain
542911,POST,POSTAGE,1,2011-02-01 15:41:00,40.0,12676,Sweden
542922,POST,POSTAGE,2,2011-02-02 09:06:00,18.0,12682,France
543017,M,Manual,1,2011-02-02 14:17:00,15.0,13199,United Kingdom
543027,POST,POSTAGE,1,2011-02-02 14:51:00,40.0,12414,Austria
543030,POST,POSTAGE,1,2011-02-02 15:22:00,18.0,12437,France
543037,POST,POSTAGE,1,2011-02-02 16:01:00,40.0,12350,Norway
543048,POST,POSTAGE,3,2011-02-03 09:58:00,18.0,12600,Germany
543055,POST,POSTAGE,4,2011-02-03 10:41:00,28.0,12502,Spain
543056,POST,POSTAGE,6,2011-02-03 10:47:00,18.0,12471,Germany
543117,POST,POSTAGE,3,2011-02-03 13:30:00,15.0,12464,Belgium
543121,POST,POSTAGE,2,2011-02-03 13:58:00,18.0,12662,Germany
543134,M,Manual,1,2011-02-03 15:28:00,15.0,15885,United Kingdom
543180,POST,POSTAGE,4,2011-02-04 10:38:00,40.0,12410,Switzerland
543188,POST,POSTAGE,6,2011-02-04 11:45:00,18.0,12567,France
543387,POST,POSTAGE,10,2011-02-08 09:41:00,15.0,14646,Netherlands
543459,POST,POSTAGE,2,2011-02-08 13:28:00,18.0,12599,France
543484,POST,POSTAGE,3,2011-02-09 10:11:00,18.0,12721,France
543492,POST,POSTAGE,1,2011-02-09 10:41:00,18.0,12720,Germany
543537,POST,POSTAGE,1,2011-02-09 13:50:00,15.0,12401,Belgium
543541,POST,POSTAGE,6,2011-02-09 14:44:00,28.0,12462,Spain
543543,M,Manual,1,2011-02-09 15:33:00,2.95,17843,United Kingdom
543543,M,Manual,24,2011-02-09 15:33:00,0.2,17843,United Kingdom
543550,POST,POSTAGE,1,2011-02-10 09:43:00,18.0,12601,Germany
543625,POST,POSTAGE,2,2011-02-10 15:38:00,18.0,12583,France
543733,POST,POSTAGE,1,2011-02-11 12:16:00,15.0,12395,Belgium
543822,POST,POSTAGE,3,2011-02-14 09:24:00,28.0,12507,Spain
543833,POST,POSTAGE,1,2011-02-14 10:24:00,18.0,12476,Germany
543900,POST,POSTAGE,3,2011-02-14 12:11:00,18.0,12621,Germany
544069,POST,POSTAGE,2,2011-02-15 14:17:00,18.0,12616,France
544087,M,Manual,1,2011-02-15 17:02:00,3.75,17530,United Kingdom
544087,M,Manual,2,2011-02-15 17:02:00,0.42,17530,United Kingdom
544115,POST,POSTAGE,5,2011-02-16 11:45:00,18.0,12727,France
544157,POST,POSTAGE,2,2011-02-16 12:46:00,18.0,12372,Denmark
544193,POST,POSTAGE,5,2011-02-17 08:23:00,15.0,12431,Belgium
544200,POST,POSTAGE,2,2011-02-17 10:08:00,18.0,12494,France
544203,POST,POSTAGE,3,2011-02-17 10:30:00,15.0,12362,Belgium
544281,POST,POSTAGE,1,2011-02-17 12:23:00,18.0,12500,Germany
544302,POST,POSTAGE,1,2011-02-17 13:16:00,18.0,12654,Germany
544331,POST,POSTAGE,1,2011-02-17 17:05:00,15.0,12455,Cyprus
544355,POST,POSTAGE,5,2011-02-18 10:53:00,18.0,12714,France
544399,POST,POSTAGE,1,2011-02-18 12:28:00,28.0,12594,Italy
544407,M,Manual,1,2011-02-18 13:26:00,15.0,14606,United Kingdom
544464,M,Manual,4,2011-02-20 14:38:00,0.85,17323,United Kingdom
544474,POST,POSTAGE,1,2011-02-21 09:52:00,15.0,12423,Belgium
544483,POST,POSTAGE,5,2011-02-21 10:53:00,18.0,12524,Germany
544495,POST,POSTAGE,6,2011-02-21 11:42:00,28.0,12766,Portugal
544573,POST,POSTAGE,5,2011-02-21 13:40:00,18.0,12621,Germany
544578,M,Manual,1,2011-02-21 14:04:00,320.69,12365,Cyprus
544585,POST,POSTAGE,1,2011-02-21 14:58:00,18.0,12523,France
544673,M,Manual,25,2011-02-22 15:46:00,0.42,13421,United Kingdom
544811,POST,POSTAGE,3,2011-02-23 15:53:00,18.0,12471,Germany
544817,POST,POSTAGE,2,2011-02-23 16:44:00,18.0,12437,France
544819,M,Manual,6,2011-02-23 17:15:00,5.0,12748,United Kingdom
544886,POST,POSTAGE,1,2011-02-24 11:42:00,40.0,12582,Finland
544933,POST,POSTAGE,6,2011-02-25 08:44:00,18.0,12633,Germany
544996,POST,POSTAGE,2,2011-02-25 11:53:00,18.0,12474,Germany
545017,POST,POSTAGE,1,2011-02-25 13:51:00,15.0,12361,Belgium
545034,POST,POSTAGE,1,2011-02-25 16:42:00,40.0,13493,Switzerland
545051,POST,POSTAGE,1,2011-02-27 11:58:00,18.0,12599,France
545084,POST,POSTAGE,2,2011-02-28 10:55:00,40.0,12458,Switzerland
545086,POST,POSTAGE,1,2011-02-28 11:43:00,18.0,12678,France
545105,POST,POSTAGE,6,2011-02-28 11:58:00,18.0,12598,France
545140,POST,POSTAGE,2,2011-02-28 12:08:00,15.0,12464,Belgium
545180,POST,POSTAGE,1,2011-02-28 14:42:00,18.0,12728,France
545181,POST,POSTAGE,1,2011-02-28 14:45:00,18.0,12509,France
545182,M,Manual,17,2011-02-28 14:48:00,0.2,14046,United Kingdom
545191,POST,POSTAGE,1,2011-02-28 15:39:00,28.0,12811,Portugal
545235,POST,POSTAGE,2,2011-03-01 10:31:00,18.0,12683,France
545301,POST,POSTAGE,4,2011-03-01 12:26:00,18.0,12679,France
545314,POST,POSTAGE,4,2011-03-01 14:11:00,15.0,12866,Belgium
545323,POST,POSTAGE,1,2011-03-01 14:57:00,40.0,12352,Norway
545332,M,Manual,1,2011-03-01 15:52:00,376.5,12352,Norway
545332,M,Manual,1,2011-03-01 15:52:00,280.05,12352,Norway
545332,M,Manual,1,2011-03-01 15:52:00,183.75,12352,Norway
545336,M,Manual,2,2011-03-01 16:53:00,275.6,12428,Finland
545515,POST,POSTAGE,3,2011-03-03 12:06:00,18.0,12727,France
545517,POST,POSTAGE,1,2011-03-03 12:20:00,18.0,12727,France
545533,POST,POSTAGE,2,2011-03-03 14:04:00,18.0,12524,Germany
545536,POST,POSTAGE,3,2011-03-03 14:12:00,15.0,12417,Belgium
545557,POST,POSTAGE,1,2011-03-03 15:30:00,18.0,12500,Germany
545570,POST,POSTAGE,1,2011-03-03 16:28:00,40.0,12817,Austria
545583,POST,POSTAGE,2,2011-03-04 09:08:00,18.0,12553,France
545585,POST,POSTAGE,1,2011-03-04 09:32:00,28.0,12541,Spain
545595,M,Manual,1,2011-03-04 10:39:00,0.85,14570,United Kingdom
545647,POST,POSTAGE,1,2011-03-04 12:46:00,28.0,12547,Spain
545664,POST,POSTAGE,3,2011-03-04 15:15:00,28.0,12584,Italy
545706,POST,POSTAGE,1,2011-03-07 09:10:00,18.0,12712,Germany
545709,POST,POSTAGE,1,2011-03-07 09:49:00,18.0,12708,Germany
545889,M,Manual,1,2011-03-07 16:14:00,45.0,15291,United Kingdom
545901,M,Manual,2,2011-03-07 17:52:00,1.25,15834,United Kingdom
545916,POST,POSTAGE,2,2011-03-08 11:46:00,18.0,12528,Germany
545988,POST,POSTAGE,1,2011-03-08 12:52:00,18.0,12662,Germany
545994,POST,POSTAGE,2,2011-03-08 13:50:00,18.0,12623,Germany
545995,M,Manual,6,2011-03-08 13:54:00,2.1,15023,United Kingdom
546027,POST,POSTAGE,2,2011-03-09 08:09:00,15.0,12759,Netherlands
546035,M,Manual,1,2011-03-09 09:50:00,7.95,12924,United Kingdom
546117,M,Manual,12,2011-03-09 13:56:00,1.0,16771,United Kingdom
546134,POST,POSTAGE,2,2011-03-09 15:35:00,40.0,13493,Switzerland
546328,M,Manual,1,2011-03-11 10:19:00,1687.17,14911,EIRE
546329,M,Manual,1,2011-03-11 10:22:00,1687.17,14911,EIRE
546365,POST,POSTAGE,5,2011-03-11 11:35:00,18.0,12520,Germany
546373,POST,POSTAGE,2,2011-03-11 12:00:00,18.0,12583,France
546374,M,Manual,1,2011-03-11 12:05:00,10.0,17194,United Kingdom
546418,M,Manual,24,2011-03-13 10:57:00,0.42,17315,United Kingdom
546426,M,Manual,1,2011-03-13 13:46:00,2.0,13708,United Kingdom
546428,POST,POSTAGE,2,2011-03-13 14:55:00,18.0,12681,France
546433,POST,POSTAGE,1,2011-03-14 08:37:00,15.0,12778,Netherlands
546434,POST,POSTAGE,4,2011-03-14 08:41:00,18.0,12383,Belgium
546479,POST,POSTAGE,3,2011-03-14 11:38:00,18.0,12682,France
546543,M,Manual,1,2011-03-14 15:40:00,0.85,17841,United Kingdom
546678,POST,POSTAGE,3,2011-03-15 16:39:00,18.0,12681,France
546742,M,Manual,12,2011-03-16 12:26:00,0.42,12849,United Kingdom
546742,M,Manual,6,2011-03-16 12:26:00,2.1,12849,United Kingdom
546755,POST,POSTAGE,5,2011-03-16 13:29:00,28.0,12502,Spain
546759,POST,POSTAGE,2,2011-03-16 13:58:00,18.0,12712,Germany
546760,POST,POSTAGE,3,2011-03-16 14:00:00,28.0,12597,Spain
546765,POST,POSTAGE,1,2011-03-16 14:37:00,18.0,12437,France
546843,POST,POSTAGE,2,2011-03-17 12:40:00,18.0,12472,Germany
546851,POST,POSTAGE,7,2011-03-17 13:23:00,18.0,12480,Germany
546866,M,Manual,2,2011-03-17 15:47:00,2.5,14462,United Kingdom
546919,POST,POSTAGE,1,2011-03-18 09:55:00,18.0,12500,Germany
546920,POST,POSTAGE,8,2011-03-18 09:55:00,18.0,12471,Germany
546925,POST,POSTAGE,3,2011-03-18 10:09:00,18.0,12647,Germany
546950,M,Manual,4,2011-03-18 11:24:00,0.5,16511,United Kingdom
547005,POST,POSTAGE,4,2011-03-18 14:20:00,18.0,12474,Germany
547061,POST,POSTAGE,1,2011-03-20 13:21:00,15.0,12407,Belgium
547071,POST,POSTAGE,2,2011-03-20 13:59:00,18.0,12693,Germany
547085,POST,POSTAGE,1,2011-03-20 15:41:00,18.0,12600,Germany
547086,POST,POSTAGE,3,2011-03-20 15:46:00,40.0,12428,Finland
547087,POST,POSTAGE,1,2011-03-20 15:58:00,18.0,12726,France
547109,POST,POSTAGE,2,2011-03-21 11:46:00,15.0,12423,Belgium
547327,POST,POSTAGE,3,2011-03-22 11:28:00,18.0,12681,France
547365,POST,POSTAGE,1,2011-03-22 12:36:00,15.0,12775,Netherlands
547379,POST,POSTAGE,6,2011-03-22 15:13:00,18.0,12720,Germany
547383,POST,POSTAGE,3,2011-03-22 15:42:00,18.0,12613,Germany
547384,POST,POSTAGE,1,2011-03-22 15:46:00,18.0,12613,Germany
547390,POST,POSTAGE,1,2011-03-22 16:08:00,40.0,12352,Norway
547412,POST,POSTAGE,1,2011-03-23 09:42:00,15.0,12399,Belgium
547444,POST,POSTAGE,1,2011-03-23 10:55:00,1.0,12811,Portugal
547492,POST,POSTAGE,1,2011-03-23 12:06:00,18.0,12604,France
547493,POST,POSTAGE,9,2011-03-23 12:06:00,40.0,12818,Austria
547504,POST,POSTAGE,8,2011-03-23 13:33:00,18.0,12683,France
547517,POST,POSTAGE,3,2011-03-23 14:33:00,15.0,12395,Belgium
547520,POST,POSTAGE,3,2011-03-23 14:55:00,18.0,12564,France
547566,POST,POSTAGE,1,2011-03-24 09:42:00,27.0,12811,Portugal
547645,POST,POSTAGE,1,2011-03-24 11:40:00,40.0,12676,Sweden
547684,POST,POSTAGE,5,2011-03-24 14:46:00,15.0,12408,Belgium
547703,POST,POSTAGE,8,2011-03-24 17:10:00,28.0,12540,Spain
547715,POST,POSTAGE,2,2011-03-25 08:50:00,18.0,12520,Germany
547722,POST,POSTAGE,3,2011-03-25 10:19:00,18.0,12553,France
547790,POST,POSTAGE,3,2011-03-25 12:04:00,28.0,12545,Spain
547796,POST,POSTAGE,9,2011-03-25 12:34:00,15.0,14646,Netherlands
547815,POST,POSTAGE,1,2011-03-25 14:19:00,40.0,13520,Switzerland
547821,POST,POSTAGE,4,2011-03-25 14:50:00,18.0,12621,Germany
547822,POST,POSTAGE,16,2011-03-25 14:53:00,18.0,12668,Germany
547825,POST,POSTAGE,1,2011-03-25 15:01:00,15.0,12778,Netherlands
547863,POST,POSTAGE,2,2011-03-27 13:07:00,18.0,12728,France
547873,M,Manual,1,2011-03-27 15:33:00,14.95,13240,United Kingdom
547892,POST,POSTAGE,6,2011-03-28 10:15:00,18.0,12669,France
547897,POST,POSTAGE,2,2011-03-28 11:36:00,28.0,12792,Portugal
547906,M,Manual,2,2011-03-28 12:13:00,0.5,14410,United Kingdom
547914,POST,POSTAGE,1,2011-03-28 12:35:00,18.0,12594,Italy
547925,POST,POSTAGE,4,2011-03-28 13:57:00,18.0,12481,Germany
547931,POST,POSTAGE,1,2011-03-28 14:01:00,28.0,12594,Italy
547934,POST,POSTAGE,1,2011-03-28 14:07:00,18.0,12474,Germany
547941,POST,POSTAGE,1,2011-03-28 14:46:00,150.0,16692,United Kingdom
548212,POST,POSTAGE,4,2011-03-30 09:12:00,40.0,12456,Switzerland
548320,POST,POSTAGE,2,2011-03-30 12:54:00,18.0,12709,Germany
548327,M,Manual,1,2011-03-30 13:05:00,1.65,16788,United Kingdom
548363,POST,POSTAGE,10,2011-03-30 15:48:00,40.0,12428,Finland
548412,POST,POSTAGE,1,2011-03-31 10:38:00,18.0,12601,Germany
548461,M,Manual,2,2011-03-31 12:08:00,0.5,14527,United Kingdom
548470,POST,POSTAGE,2,2011-03-31 12:36:00,28.0,12782,Portugal
548568,M,Manual,1,2011-04-01 10:43:00,12.75,14543,United Kingdom
548568,M,Manual,2,2011-04-01 10:43:00,10.95,14543,United Kingdom
548621,M,Manual,3,2011-04-01 11:54:00,0.65,16960,United Kingdom
548631,M,Manual,1,2011-04-01 12:24:00,1.0,13184,United Kingdom
548654,POST,POSTAGE,7,2011-04-01 13:47:00,18.0,12569,Germany
548661,POST,POSTAGE,1,2011-04-01 14:28:00,350.0,12415,Australia
548725,POST,POSTAGE,1,2011-04-04 09:08:00,134.0,12678,France
548737,POST,POSTAGE,4,2011-04-04 11:18:00,18.0,12682,France
548745,POST,POSTAGE,3,2011-04-04 12:10:00,18.0,12471,Germany
548813,M,Manual,1,2011-04-04 13:03:00,162.6,12744,Singapore
548813,M,Manual,1,2011-04-04 13:03:00,2382.92,12744,Singapore
548813,M,Manual,1,2011-04-04 13:03:00,239.3,12744,Singapore
548813,M,Manual,1,2011-04-04 13:03:00,1252.95,12744,Singapore
548820,M,Manual,1,2011-04-04 13:04:00,2053.07,12744,Singapore
548860,M,Manual,1,2011-04-04 13:38:00,2.0,13263,United Kingdom
548913,M,Manual,1,2011-04-05 09:45:00,1136.3,12669,France
548955,POST,POSTAGE,1,2011-04-05 10:47:00,40.0,12348,Finland
549193,POST,POSTAGE,2,2011-04-07 10:24:00,18.0,12580,Germany
549245,M,Manual,2,2011-04-07 11:59:00,0.85,15005,United Kingdom
549249,POST,POSTAGE,2,2011-04-07 12:04:00,15.0,12423,Belgium
549274,POST,POSTAGE,3,2011-04-07 13:07:00,18.0,12721,France
549325,POST,POSTAGE,2,2011-04-08 10:32:00,50.0,12717,Greece
549434,POST,POSTAGE,4,2011-04-08 12:30:00,18.0,12647,Germany
549468,M,Manual,1,2011-04-08 14:27:00,1867.86,17940,United Kingdom
549559,POST,POSTAGE,3,2011-04-10 13:25:00,15.0,12447,Belgium
549588,POST,POSTAGE,3,2011-04-11 10:04:00,40.0,12428,Finland
549680,POST,POSTAGE,2,2011-04-11 13:02:00,18.0,12701,Germany
549682,POST,POSTAGE,2,2011-04-11 13:22:00,28.0,12596,Spain
549689,POST,POSTAGE,1,2011-04-11 13:40:00,4.95,15971,United Kingdom
549717,BANK CHARGES,Bank Charges,1,2011-04-11 14:56:00,15.0,14606,United Kingdom
549730,M,Manual,1,2011-04-11 16:35:00,1.5,15867,United Kingdom
549739,M,Manual,1,2011-04-12 09:35:00,308.82,15935,United Kingdom
549825,POST,POSTAGE,2,2011-04-12 12:47:00,18.0,12463,Belgium
549981,M,Manual,6,2011-04-13 15:49:00,0.39,16348,United Kingdom
549989,M,Manual,1,2011-04-13 16:58:00,2.55,13221,United Kingdom
550002,POST,POSTAGE,1,2011-04-14 09:30:00,18.0,12709,Germany
550004,POST,POSTAGE,4,2011-04-14 09:56:00,18.0,12569,Germany
550145,POST,POSTAGE,3,2011-04-14 14:15:00,18.0,12637,France
550162,POST,POSTAGE,2,2011-04-14 16:23:00,18.0,12569,Germany
550178,POST,POSTAGE,2,2011-04-14 17:25:00,18.0,12662,Germany
550187,POST,POSTAGE,2,2011-04-14 18:40:00,18.0,13811,Germany
550188,POST,POSTAGE,3,2011-04-14 18:57:00,40.0,12457,Switzerland
550192,POST,POSTAGE,3,2011-04-15 08:45:00,40.0,12582,Finland
550277,POST,POSTAGE,3,2011-04-15 12:48:00,40.0,12639,Sweden
550281,POST,POSTAGE,1,2011-04-15 13:48:00,40.0,12457,Switzerland
550284,POST,POSTAGE,1,2011-04-15 14:10:00,15.0,12383,Belgium
550313,POST,POSTAGE,2,2011-04-17 11:21:00,18.0,12681,France
550354,M,Manual,1,2011-04-18 10:28:00,222.75,13811,Germany
550440,POST,POSTAGE,2,2011-04-18 12:25:00,15.0,12407,Belgium
550469,M,Manual,18,2011-04-18 13:46:00,0.1,16399,United Kingdom
550488,M,Manual,4,2011-04-18 14:27:00,0.83,16729,United Kingdom
550513,M,Manual,1,2011-04-18 16:37:00,7.95,16928,United Kingdom
550527,POST,POSTAGE,11,2011-04-19 10:48:00,18.0,12476,Germany
550620,POST,POSTAGE,6,2011-04-19 13:39:00,18.0,12585,Germany
550625,POST,POSTAGE,2,2011-04-19 14:02:00,18.0,12619,Germany
550633,M,Manual,1,2011-04-19 14:57:00,3.0,17449,United Kingdom
550661,POST,POSTAGE,4,2011-04-20 09:20:00,18.0,12656,France
550665,POST,POSTAGE,2,2011-04-20 09:31:00,18.0,12530,Germany
550827,POST,POSTAGE,3,2011-04-21 10:16:00,18.0,12670,France
550899,POST,POSTAGE,4,2011-04-21 12:07:00,40.0,13505,Switzerland
550924,POST,POSTAGE,1,2011-04-21 14:33:00,40.0,12664,Finland
550946,POST,POSTAGE,1,2011-04-21 15:52:00,18.0,12708,Germany
550957,M,Manual,1,2011-04-21 16:37:00,1.95,18283,United Kingdom
550960,POST,POSTAGE,1,2011-04-21 16:39:00,18.0,12622,Germany
550998,POST,POSTAGE,1,2011-04-26 09:12:00,40.0,12414,Austria
551013,POST,POSTAGE,2,2011-04-26 10:54:00,18.0,15108,European Community
551016,M,Manual,2,2011-04-26 11:09:00,1.65,17975,United Kingdom
551054,POST,POSTAGE,2,2011-04-26 11:44:00,28.0,12429,Austria
551258,POST,POSTAGE,8,2011-04-27 12:02:00,18.0,12621,Germany
551268,M,Manual,48,2011-04-27 12:08:00,0.19,16965,United Kingdom
551270,M,Manual,1,2011-04-27 12:35:00,2.55,15891,United Kingdom
551277,M,Manual,1,2011-04-27 13:06:00,1.25,13637,United Kingdom
551278,POST,POSTAGE,1,2011-04-27 13:13:00,40.0,12483,Sweden
551345,POST,POSTAGE,6,2011-04-28 09:03:00,15.0,14646,Netherlands
551346,POST,POSTAGE,3,2011-04-28 09:12:00,15.0,12362,Belgium
551389,POST,POSTAGE,1,2011-04-28 11:45:00,18.0,12437,France
551398,POST,POSTAGE,3,2011-04-28 13:09:00,28.0,12417,Spain
551419,M,Manual,1,2011-04-28 13:51:00,400.0,12748,United Kingdom
551467,POST,POSTAGE,1,2011-04-28 16:20:00,18.0,12600,Germany
551529,POST,POSTAGE,8,2011-05-01 13:18:00,18.0,12524,Germany
551544,POST,POSTAGE,4,2011-05-03 09:33:00,18.0,12683,France
551552,POST,POSTAGE,2,2011-05-03 10:09:00,18.0,12598,France
551649,POST,POSTAGE,2,2011-05-03 12:02:00,20.0,12643,France
551652,POST,POSTAGE,2,2011-05-03 12:03:00,1.0,12643,France
551697,POST,POSTAGE,1,2011-05-03 13:46:00,8142.75,16029,United Kingdom
551714,M,Manual,1,2011-05-03 15:15:00,25.95,16806,United Kingdom
551818,POST,POSTAGE,4,2011-05-04 11:57:00,18.0,12569,Germany
551820,POST,POSTAGE,2,2011-05-04 12:11:00,18.0,12645,Germany
551868,POST,POSTAGE,8,2011-05-04 16:29:00,28.0,12540,Spain
551886,POST,POSTAGE,1,2011-05-05 09:23:00,18.0,12569,Germany
551887,POST,POSTAGE,2,2011-05-05 09:29:00,18.0,12593,France
551945,BANK CHARGES,Bank Charges,1,2011-05-05 11:09:00,15.0,16714,United Kingdom
551982,M,Manual,3,2011-05-05 13:56:00,2.1,15023,United Kingdom
551985,POST,POSTAGE,1,2011-05-05 14:38:00,15.0,12395,Belgium
552008,POST,POSTAGE,4,2011-05-05 17:13:00,18.0,12476,Germany
552040,POST,POSTAGE,4,2011-05-06 08:19:00,28.0,12502,Spain
552188,POST,POSTAGE,2,2011-05-06 14:01:00,15.0,12394,Belgium
552202,POST,POSTAGE,1,2011-05-06 14:51:00,40.0,12414,Austria
552259,M,Manual,1,2011-05-08 11:13:00,1.0,15796,United Kingdom
552315,POST,POSTAGE,6,2011-05-08 16:10:00,18.0,12700,France
552325,POST,POSTAGE,2,2011-05-09 09:47:00,18.0,12490,France
552337,POST,POSTAGE,3,2011-05-09 11:34:00,18.0,12621,Germany
552464,POST,POSTAGE,1,2011-05-09 15:12:00,18.0,12726,France
552543,POST,POSTAGE,2,2011-05-10 10:22:00,15.0,12399,Belgium
552549,M,Manual,1,2011-05-10 10:39:00,334.71,15674,United Kingdom
552631,POST,POSTAGE,2,2011-05-10 12:55:00,18.0,12684,France
552649,POST,POSTAGE,1,2011-05-10 13:44:00,18.0,12592,Germany
552656,POST,POSTAGE,3,2011-05-10 14:46:00,18.0,12712,Germany
552731,POST,POSTAGE,2,2011-05-11 10:43:00,18.0,12372,Denmark
552844,POST,POSTAGE,2,2011-05-11 14:37:00,18.0,12649,Germany
552845,POST,POSTAGE,6,2011-05-11 14:37:00,15.0,14646,Netherlands
552846,POST,POSTAGE,1,2011-05-11 14:38:00,18.0,14646,Netherlands
552871,POST,POSTAGE,2,2011-05-12 08:52:00,18.0,12693,Germany
552874,POST,POSTAGE,7,2011-05-12 09:40:00,18.0,12621,Germany
552878,POST,POSTAGE,8,2011-05-12 09:54:00,18.0,12625,Germany
552884,POST,POSTAGE,1,2011-05-12 10:15:00,15.0,12395,Belgium
552946,POST,POSTAGE,1,2011-05-12 11:50:00,18.0,12683,France
552980,POST,POSTAGE,1,2011-05-12 14:52:00,523.0,12590,Germany
553002,M,Manual,2,2011-05-12 15:26:00,1.95,13263,United Kingdom
553018,M,Manual,1,2011-05-12 19:02:00,557.72,12757,Portugal
553035,M,Manual,1,2011-05-12 20:13:00,1.45,17337,United Kingdom
553037,POST,POSTAGE,4,2011-05-13 08:10:00,18.0,12471,Germany
553044,POST,POSTAGE,2,2011-05-13 09:24:00,18.0,12682,France
553161,POST,POSTAGE,1,2011-05-13 15:48:00,18.0,12681,France
553189,M,Manual,2,2011-05-15 13:14:00,1.65,15033,United Kingdom
553195,POST,POSTAGE,1,2011-05-15 13:45:00,18.0,12599,France
553208,POST,POSTAGE,2,2011-05-16 09:10:00,18.0,12674,France
553316,POST,POSTAGE,1,2011-05-16 12:04:00,18.0,12682,France
553357,M,Manual,2,2011-05-16 14:17:00,15.0,12684,France
553411,POST,POSTAGE,3,2011-05-17 09:28:00,18.0,12714,France
553415,POST,POSTAGE,2,2011-05-17 10:02:00,18.0,12463,Belgium
553547,POST,POSTAGE,4,2011-05-17 15:48:00,18.0,12474,Germany
553559,M,Manual,1,2011-05-17 17:12:00,293.0,14931,Channel Islands
553566,POST,POSTAGE,3,2011-05-18 09:09:00,18.0,12690,France
553577,POST,POSTAGE,2,2011-05-18 10:34:00,18.0,12437,France
553666,POST,POSTAGE,2,2011-05-18 12:18:00,18.0,12679,France
553674,POST,POSTAGE,1,2011-05-18 12:50:00,40.0,12483,Sweden
553682,POST,POSTAGE,4,2011-05-18 13:20:00,15.0,14646,Netherlands
553731,POST,POSTAGE,4,2011-05-19 08:26:00,18.0,12481,Germany
553741,POST,POSTAGE,3,2011-05-19 09:37:00,18.0,12520,Germany
553842,POST,POSTAGE,2,2011-05-19 12:24:00,18.0,12524,Germany
553843,POST,POSTAGE,2,2011-05-19 12:29:00,18.0,12553,France
553884,POST,POSTAGE,1,2011-05-19 15:36:00,18.0,12600,Germany
553885,POST,POSTAGE,1,2011-05-19 15:41:00,18.0,12601,Germany
553997,POST,POSTAGE,9,2011-05-20 11:34:00,18.0,12656,France
554038,POST,POSTAGE,2,2011-05-20 14:23:00,15.0,12775,Netherlands
554097,POST,POSTAGE,5,2011-05-22 13:01:00,18.0,12567,France
554104,POST,POSTAGE,4,2011-05-22 14:03:00,18.0,12705,Germany
554106,POST,POSTAGE,4,2011-05-22 14:05:00,18.0,12710,Germany
554109,POST,POSTAGE,2,2011-05-22 14:33:00,18.0,12682,France
554132,POST,POSTAGE,4,2011-05-23 09:43:00,40.0,12360,Austria
554134,POST,POSTAGE,2,2011-05-23 09:48:00,18.0,12583,France
554137,POST,POSTAGE,2,2011-05-23 10:13:00,18.0,12708,Germany
554147,POST,POSTAGE,2,2011-05-23 10:48:00,15.0,12423,Belgium
554155,M,Manual,1,2011-05-23 11:26:00,1241.98,12757,Portugal
554159,POST,POSTAGE,2,2011-05-23 11:48:00,15.0,12464,Belgium
554301,M,Manual,1,2011-05-23 14:46:00,1241.98,12757,Portugal
554305,M,Manual,1,2011-05-23 14:58:00,557.72,12757,Portugal
554324,POST,POSTAGE,1,2011-05-23 15:38:00,18.0,12712,Germany
554325,POST,POSTAGE,3,2011-05-23 15:38:00,18.0,12621,Germany
554356,POST,POSTAGE,2,2011-05-24 09:25:00,18.0,12670,France
554363,POST,POSTAGE,2,2011-05-24 10:19:00,18.0,12647,Germany
554555,POST,POSTAGE,2,2011-05-25 10:08:00,18.0,12437,France
554648,POST,POSTAGE,3,2011-05-25 12:44:00,18.0,12562,France
554650,POST,POSTAGE,3,2011-05-25 12:54:00,18.0,12681,France
554654,POST,POSTAGE,3,2011-05-25 13:34:00,40.0,12815,Poland
554699,POST,POSTAGE,3,2011-05-26 09:17:00,18.0,12613,Germany
554711,POST,POSTAGE,1,2011-05-26 10:41:00,18.0,12654,Germany
554792,POST,POSTAGE,1,2011-05-26 12:38:00,28.0,12547,Spain
554794,POST,POSTAGE,2,2011-05-26 12:41:00,18.0,12720,Germany
554840,POST,POSTAGE,2,2011-05-26 17:16:00,18.0,12684,France
554861,POST,POSTAGE,5,2011-05-27 10:29:00,18.0,12633,Germany
554924,POST,POSTAGE,1,2011-05-27 12:54:00,4.0,12748,United Kingdom
554933,M,Manual,2,2011-05-27 13:26:00,0.3,13232,United Kingdom
554938,POST,POSTAGE,4,2011-05-27 13:34:00,15.0,12876,Belgium
554940,POST,POSTAGE,2,2011-05-27 13:49:00,18.0,12494,France
554985,POST,POSTAGE,4,2011-05-29 12:26:00,18.0,12426,Germany
555003,POST,POSTAGE,1,2011-05-31 09:36:00,15.0,12787,Netherlands
555095,POST,POSTAGE,7,2011-05-31 13:32:00,28.0,12540,Spain
555096,POST,POSTAGE,3,2011-05-31 13:32:00,18.0,12682,France
555106,POST,POSTAGE,2,2011-05-31 14:14:00,15.0,12790,Netherlands
555110,M,Manual,2,2011-05-31 14:34:00,1.65,17841,United Kingdom
555147,POST,POSTAGE,4,2011-05-31 15:41:00,40.0,13505,Switzerland
555161,POST,POSTAGE,1,2011-06-01 09:26:00,15.0,12423,Belgium
555162,POST,POSTAGE,4,2011-06-01 10:15:00,18.0,12473,Germany
555264,M,Manual,1,2011-06-01 16:03:00,3.95,17757,United Kingdom
555403,POST,POSTAGE,1,2011-06-02 18:06:00,40.0,12676,Sweden
555407,POST,POSTAGE,1,2011-06-03 07:48:00,15.0,12775,Netherlands
555417,POST,POSTAGE,1,2011-06-03 10:17:00,18.0,12601,Germany
555470,POST,POSTAGE,1,2011-06-03 11:33:00,28.0,12455,Spain
555523,POST,POSTAGE,2,2011-06-05 11:36:00,18.0,12468,Germany
555531,POST,POSTAGE,11,2011-06-05 11:53:00,18.0,12678,France
555547,POST,POSTAGE,4,2011-06-05 13:13:00,18.0,12681,France
555553,POST,POSTAGE,2,2011-06-05 13:45:00,18.0,12662,Germany
555569,POST,POSTAGE,5,2011-06-05 15:29:00,18.0,12727,France
555572,POST,POSTAGE,6,2011-06-05 15:37:00,15.0,12449,Belgium
555574,POST,POSTAGE,3,2011-06-05 15:46:00,15.0,12417,Belgium
555589,POST,POSTAGE,2,2011-06-06 09:36:00,15.0,12802,Netherlands
555648,M,Manual,12,2011-06-06 13:46:00,0.39,14623,United Kingdom
555719,POST,POSTAGE,5,2011-06-06 15:31:00,18.0,12609,Germany
555721,POST,POSTAGE,3,2011-06-06 16:01:00,15.0,15108,European Community
555726,POST,POSTAGE,2,2011-06-06 16:23:00,28.0,12540,Spain
555739,POST,POSTAGE,3,2011-06-07 09:49:00,15.0,12380,Belgium
555851,M,Manual,1,2011-06-07 13:37:00,3.75,13050,United Kingdom
555928,POST,POSTAGE,2,2011-06-08 08:02:00,15.0,12383,Belgium
555931,POST,POSTAGE,4,2011-06-08 08:31:00,40.0,17828,Malta
555937,POST,POSTAGE,3,2011-06-08 09:39:00,18.0,12683,France
555941,POST,POSTAGE,1,2011-06-08 10:10:00,18.0,12726,France
555943,POST,POSTAGE,3,2011-06-08 10:15:00,40.0,13520,Switzerland
556070,M,Manual,1,2011-06-08 14:51:00,129.38,17873,United Kingdom
556114,POST,POSTAGE,1,2011-06-09 09:36:00,18.0,12569,Germany
556118,POST,POSTAGE,2,2011-06-09 09:54:00,18.0,13811,Germany
556194,POST,POSTAGE,2,2011-06-09 12:20:00,18.0,12483,Sweden
556203,POST,POSTAGE,1,2011-06-09 13:09:00,15.0,12399,Belgium
556222,M,Manual,12,2011-06-09 14:23:00,0.38,17522,United Kingdom
556235,POST,POSTAGE,1,2011-06-09 15:29:00,15.0,12778,Netherlands
556241,POST,POSTAGE,8,2011-06-09 16:04:00,28.0,12597,Spain
556258,POST,POSTAGE,3,2011-06-09 17:48:00,18.0,12694,France
556259,POST,POSTAGE,4,2011-06-09 17:53:00,18.0,12721,France
556305,POST,POSTAGE,4,2011-06-10 10:38:00,18.0,12643,France
556443,POST,POSTAGE,4,2011-06-10 15:28:00,18.0,12712,Germany
556463,POST,POSTAGE,2,2011-06-12 10:47:00,18.0,12583,France
556469,POST,POSTAGE,3,2011-06-12 11:37:00,18.0,12516,Germany
556507,POST,POSTAGE,8,2011-06-13 09:55:00,18.0,12567,France
556509,POST,POSTAGE,2,2011-06-13 10:33:00,18.0,12708,Germany
556517,POST,POSTAGE,5,2011-06-13 10:52:00,18.0,12481,Germany
556519,POST,POSTAGE,1,2011-06-13 10:54:00,2.02,16794,United Kingdom
556526,POST,POSTAGE,1,2011-06-13 11:33:00,18.0,12732,France
556527,M,Manual,4,2011-06-13 11:33:00,1.65,16205,United Kingdom
556529,POST,POSTAGE,4,2011-06-13 11:41:00,18.0,12714,France
556573,M,Manual,1,2011-06-13 13:32:00,4.25,14667,United Kingdom
556578,POST,POSTAGE,7,2011-06-13 14:13:00,18.0,12472,Germany
556671,M,Manual,1,2011-06-13 16:33:00,2.5,17841,United Kingdom
556784,M,Manual,1,2011-06-14 13:15:00,0.39,14461,United Kingdom
556816,POST,POSTAGE,3,2011-06-15 09:01:00,18.0,12437,France
556819,POST,POSTAGE,4,2011-06-15 10:21:00,18.0,12682,France
556829,POST,POSTAGE,3,2011-06-15 10:51:00,28.0,12809,Portugal
556886,POST,POSTAGE,2,2011-06-15 12:34:00,18.0,12624,France
557007,POST,POSTAGE,7,2011-06-16 11:30:00,28.0,12484,Spain
557027,POST,POSTAGE,2,2011-06-16 13:24:00,40.0,12816,Poland
557055,POST,POSTAGE,2,2011-06-16 14:45:00,18.0,12621,Germany
557069,POST,POSTAGE,3,2011-06-16 15:22:00,18.0,12562,France
557147,POST,POSTAGE,4,2011-06-17 10:51:00,15.0,12408,Belgium
557232,POST,POSTAGE,2,2011-06-17 14:28:00,18.0,12463,Belgium
557295,POST,POSTAGE,1,2011-06-19 13:37:00,18.0,12724,France
557297,POST,POSTAGE,2,2011-06-19 13:54:00,28.0,12421,Spain
557314,POST,POSTAGE,1,2011-06-19 15:59:00,28.0,12541,Spain
557427,POST,POSTAGE,9,2011-06-20 12:14:00,18.0,12429,Denmark
557466,POST,POSTAGE,11,2011-06-20 13:08:00,18.0,13815,Germany
557483,POST,POSTAGE,1,2011-06-20 14:17:00,18.0,12643,France
557489,POST,POSTAGE,3,2011-06-20 14:58:00,18.0,12490,France
557525,POST,POSTAGE,3,2011-06-21 09:26:00,15.0,12759,Netherlands
557569,POST,POSTAGE,2,2011-06-21 10:46:00,18.0,12474,Germany
557627,POST,POSTAGE,1,2011-06-21 14:30:00,18.0,12583,France
557669,POST,POSTAGE,2,2011-06-22 09:43:00,18.0,12674,France
557734,POST,POSTAGE,2,2011-06-22 11:20:00,18.0,12684,France
557754,POST,POSTAGE,1,2011-06-22 13:12:00,700.0,12432,Norway
557789,POST,POSTAGE,3,2011-06-22 16:32:00,15.0,12379,Belgium
557803,POST,POSTAGE,1,2011-06-23 10:20:00,40.0,12704,Finland
557850,POST,POSTAGE,2,2011-06-23 10:56:00,18.0,12720,Germany
557884,M,Manual,1,2011-06-23 13:35:00,1.25,17759,United Kingdom
557885,POST,POSTAGE,2,2011-06-23 13:37:00,15.0,12465,Belgium
557889,POST,POSTAGE,2,2011-06-23 13:51:00,18.0,12412,Denmark
557939,POST,POSTAGE,2,2011-06-23 15:44:00,40.0,12697,Sweden
557972,POST,POSTAGE,2,2011-06-24 10:16:00,18.0,12500,Germany
558041,POST,POSTAGE,3,2011-06-24 13:20:00,40.0,12422,Switzerland
558045,POST,POSTAGE,3,2011-06-24 13:35:00,18.0,12615,France
558089,POST,POSTAGE,3,2011-06-26 12:36:00,40.0,13505,Switzerland
558108,POST,POSTAGE,1,2011-06-26 15:35:00,28.0,12548,Spain
558124,POST,POSTAGE,1,2011-06-27 10:17:00,18.0,12493,France
558334,POST,POSTAGE,1,2011-06-28 13:11:00,18.0,12599,France
558381,M,Manual,1,2011-06-28 17:01:00,600.0,15299,United Kingdom
558461,M,Manual,2,2011-06-29 15:03:00,1.95,13263,United Kingdom
558479,M,Manual,2,2011-06-29 16:44:00,2.95,17837,United Kingdom
558608,POST,POSTAGE,1,2011-06-30 15:30:00,18.0,12524,Germany
558623,POST,POSTAGE,1,2011-06-30 16:52:00,15.0,12395,Belgium
558626,POST,POSTAGE,1,2011-06-30 17:34:00,18.0,12569,Germany
558628,POST,POSTAGE,5,2011-06-30 17:59:00,18.0,12626,Germany
558679,M,Manual,1,2011-07-01 10:58:00,1.0,17800,United Kingdom
558687,POST,POSTAGE,1,2011-07-01 11:43:00,18.0,12598,France
558699,POST,POSTAGE,1,2011-07-01 12:17:00,18.0,12494,France
558717,POST,POSTAGE,1,2011-07-01 13:22:00,18.0,12710,Germany
558813,POST,POSTAGE,3,2011-07-04 11:42:00,18.0,12682,France
558841,M,Manual,1,2011-07-04 11:59:00,30.0,12471,Germany
558875,M,Manual,2,2011-07-04 13:35:00,8.95,13301,United Kingdom
558895,M,Manual,1,2011-07-04 15:54:00,389.68,12619,Germany
559004,POST,POSTAGE,4,2011-07-05 12:23:00,40.0,12428,Finland
559058,POST,POSTAGE,6,2011-07-06 09:49:00,15.0,12407,Belgium
559106,M,Manual,2,2011-07-06 11:10:00,7.95,15889,United Kingdom
559107,M,Manual,1,2011-07-06 11:22:00,2.95,15334,United Kingdom
559134,POST,POSTAGE,5,2011-07-06 13:14:00,18.0,12700,France
559135,POST,POSTAGE,1,2011-07-06 13:18:00,28.0,12455,Spain
559173,POST,POSTAGE,2,2011-07-07 10:03:00,28.0,12540,Spain
559295,POST,POSTAGE,2,2011-07-07 12:32:00,15.0,12362,Belgium
559298,POST,POSTAGE,6,2011-07-07 12:38:00,18.0,12471,Germany
559316,POST,POSTAGE,1,2011-07-07 13:54:00,18.0,12647,Germany
559362,POST,POSTAGE,3,2011-07-08 08:43:00,18.0,12635,Germany
559418,POST,POSTAGE,3,2011-07-08 11:36:00,18.0,12681,France
559421,POST,POSTAGE,1,2011-07-08 11:55:00,18.0,12648,Germany
559422,POST,POSTAGE,2,2011-07-08 12:00:00,18.0,12553,France
559441,POST,POSTAGE,2,2011-07-08 12:22:00,18.0,12583,France
559504,M,Manual,2,2011-07-08 15:16:00,0.79,15920,United Kingdom
559511,M,Manual,3,2011-07-08 15:31:00,0.79,15920,United Kingdom
559535,M,Manual,1,2011-07-10 12:16:00,3.75,17841,United Kingdom
559535,M,Manual,1,2011-07-10 12:16:00,0.85,17841,United Kingdom
559536,M,Manual,2,2011-07-10 12:17:00,0.85,16283,United Kingdom
559607,POST,POSTAGE,5,2011-07-11 11:39:00,18.0,12681,France
559672,M,Manual,4,2011-07-11 14:04:00,0.39,14796,United Kingdom
559674,M,Manual,3,2011-07-11 14:16:00,0.42,15856,United Kingdom
559680,POST,POSTAGE,2,2011-07-11 14:47:00,50.0,12717,Greece
559685,POST,POSTAGE,1,2011-07-11 15:22:00,18.0,12599,France
559699,POST,POSTAGE,1,2011-07-12 08:52:00,18.0,12682,France
559704,POST,POSTAGE,4,2011-07-12 09:54:00,18.0,12669,France
559707,POST,POSTAGE,2,2011-07-12 10:04:00,40.0,12358,Austria
559710,POST,POSTAGE,1,2011-07-12 10:25:00,18.0,12474,Germany
559819,POST,POSTAGE,1,2011-07-12 16:58:00,18.0,12682,France
559835,POST,POSTAGE,1,2011-07-13 10:08:00,15.0,13509,United Kingdom
559862,POST,POSTAGE,4,2011-07-13 10:30:00,28.0,12782,Portugal
559889,POST,POSTAGE,1,2011-07-13 11:48:00,145.0,12678,France
559890,POST,POSTAGE,1,2011-07-13 11:58:00,15.0,12464,Belgium
559899,POST,POSTAGE,3,2011-07-13 12:24:00,18.0,12528,Germany
559928,POST,POSTAGE,8,2011-07-14 08:52:00,40.0,12405,Finland
559945,M,Manual,1,2011-07-14 10:24:00,18.0,17396,United Kingdom
559987,POST,POSTAGE,5,2011-07-14 12:12:00,18.0,12619,Germany
559988,M,Manual,1,2011-07-14 12:17:00,0.42,15402,United Kingdom
560119,POST,POSTAGE,2,2011-07-15 10:21:00,40.0,12815,Poland
560187,POST,POSTAGE,1,2011-07-15 12:05:00,550.94,17444,Canada
560202,POST,POSTAGE,4,2011-07-15 13:10:00,18.0,12712,Germany
560209,M,Manual,1,2011-07-15 14:05:00,0.39,15004,United Kingdom
560211,POST,POSTAGE,3,2011-07-15 14:34:00,18.0,12621,Germany
560228,M,Manual,10,2011-07-15 17:29:00,0.85,17750,United Kingdom
560230,POST,POSTAGE,2,2011-07-17 10:53:00,18.0,12600,Germany
560272,POST,POSTAGE,1,2011-07-17 14:56:00,18.0,12691,France
560363,POST,POSTAGE,1,2011-07-18 12:05:00,18.0,12589,France
560413,M,Manual,1,2011-07-18 14:33:00,550.64,13564,United Kingdom
560452,POST,POSTAGE,1,2011-07-19 09:51:00,18.0,12682,France
560545,POST,POSTAGE,1,2011-07-19 12:38:00,18.0,12569,Germany
560549,POST,POSTAGE,2,2011-07-19 12:43:00,40.0,12664,Finland
560566,POST,POSTAGE,2,2011-07-19 13:45:00,18.0,12662,Germany
560569,POST,POSTAGE,3,2011-07-19 14:04:00,18.0,12480,Germany
560579,M,Manual,12,2011-07-19 15:13:00,0.42,15867,United Kingdom
560607,POST,POSTAGE,3,2011-07-20 10:15:00,28.0,12510,Spain
560635,POST,POSTAGE,3,2011-07-20 10:51:00,18.0,12521,Germany
560651,M,Manual,1,2011-07-20 11:38:00,451.42,15802,United Kingdom
560710,POST,POSTAGE,1,2011-07-20 12:51:00,15.0,14646,Netherlands
560728,POST,POSTAGE,2,2011-07-20 14:38:00,18.0,12520,Germany
560783,POST,POSTAGE,4,2011-07-21 10:24:00,15.0,15108,European Community
560876,POST,POSTAGE,6,2011-07-21 15:14:00,18.0,12626,Germany
560901,POST,POSTAGE,7,2011-07-21 17:39:00,18.0,12476,Germany
560991,POST,POSTAGE,3,2011-07-22 13:29:00,40.0,12438,Norway
560997,POST,POSTAGE,4,2011-07-22 13:59:00,18.0,12627,Germany
561029,POST,POSTAGE,2,2011-07-24 11:25:00,18.0,12490,France
561037,POST,POSTAGE,3,2011-07-24 11:55:00,18.0,12472,Germany
561057,POST,POSTAGE,1,2011-07-24 13:18:00,2.9,17935,United Kingdom
561093,POST,POSTAGE,6,2011-07-25 10:01:00,28.0,12540,Spain
561094,POST,POSTAGE,2,2011-07-25 10:04:00,18.0,12474,Germany
561102,POST,POSTAGE,1,2011-07-25 11:17:00,18.0,12412,Denmark
561116,POST,POSTAGE,5,2011-07-25 12:22:00,40.0,13520,Switzerland
561216,POST,POSTAGE,8,2011-07-25 17:04:00,15.0,14606,United Kingdom
561368,POST,POSTAGE,1,2011-07-26 16:00:00,36.5,14866,United Kingdom
561468,POST,POSTAGE,5,2011-07-27 13:00:00,18.0,12709,Germany
561470,POST,POSTAGE,1,2011-07-27 13:14:00,18.0,12523,France
561507,POST,POSTAGE,7,2011-07-27 14:21:00,15.0,12397,Belgium
561583,POST,POSTAGE,3,2011-07-28 10:33:00,18.0,13813,Germany
561662,POST,POSTAGE,2,2011-07-28 16:28:00,15.0,12407,Belgium
561669,POST,POSTAGE,6,2011-07-28 17:09:00,28.0,12507,Spain
561795,POST,POSTAGE,3,2011-07-29 13:28:00,18.0,12716,France
561885,M,Manual,2,2011-07-31 13:13:00,4.95,15532,United Kingdom
561890,POST,POSTAGE,2,2011-07-31 14:17:00,40.0,12697,Sweden
561894,M,Manual,1,2011-07-31 15:00:00,0.08,14456,United Kingdom
561894,M,Manual,36,2011-07-31 15:00:00,0.08,14456,United Kingdom
561898,POST,POSTAGE,7,2011-07-31 15:25:00,40.0,12456,Switzerland
561902,M,Manual,1,2011-07-31 15:50:00,30.0,17404,Sweden
561911,POST,POSTAGE,6,2011-08-01 10:26:00,18.0,12534,Germany
561916,M,Manual,1,2011-08-01 11:44:00,0.0,15581,United Kingdom
561916,M,Manual,1,2011-08-01 11:44:00,250.0,15581,United Kingdom
562034,POST,POSTAGE,6,2011-08-02 09:14:00,15.0,12449,Belgium
562035,POST,POSTAGE,2,2011-08-02 09:29:00,18.0,12627,Germany
562037,POST,POSTAGE,3,2011-08-02 09:34:00,15.0,13023,United Kingdom
562038,POST,POSTAGE,1,2011-08-02 09:35:00,18.0,12633,Germany
562047,POST,POSTAGE,1,2011-08-02 10:38:00,4.95,17788,United Kingdom
562207,POST,POSTAGE,9,2011-08-03 12:56:00,15.0,12643,France
562273,POST,POSTAGE,6,2011-08-04 09:55:00,28.0,12502,Spain
562274,POST,POSTAGE,2,2011-08-04 10:00:00,40.0,12704,Finland
562275,POST,POSTAGE,2,2011-08-04 10:04:00,18.0,12689,France
562287,POST,POSTAGE,1,2011-08-04 11:07:00,28.0,12455,Spain
562347,M,Manual,1,2011-08-04 12:22:00,0.42,13263,United Kingdom
562370,POST,POSTAGE,4,2011-08-04 14:20:00,18.0,12626,Germany
562435,POST,POSTAGE,2,2011-08-04 17:51:00,18.0,12693,Germany
562445,POST,POSTAGE,3,2011-08-04 18:51:00,18.0,12417,Belgium
562450,POST,POSTAGE,3,2011-08-05 08:40:00,18.0,12562,France
562460,M,Manual,6,2011-08-05 11:19:00,0.85,17841,United Kingdom
562520,POST,POSTAGE,1,2011-08-05 12:38:00,18.0,12599,France
562527,POST,POSTAGE,2,2011-08-05 13:49:00,18.0,12647,Germany
562528,POST,POSTAGE,4,2011-08-05 13:52:00,28.0,12610,Italy
562537,POST,POSTAGE,5,2011-08-05 15:02:00,18.0,12517,Germany
562600,POST,POSTAGE,1,2011-08-08 10:01:00,40.0,12676,Sweden
562605,POST,POSTAGE,2,2011-08-08 10:59:00,18.0,12530,Germany
562650,POST,POSTAGE,2,2011-08-08 13:12:00,40.0,17404,Sweden
562729,POST,POSTAGE,1,2011-08-09 10:05:00,18.0,12569,Germany
562787,M,Manual,1,2011-08-09 13:44:00,208.34,15581,United Kingdom
562844,POST,POSTAGE,7,2011-08-10 08:41:00,40.0,12444,Norway
562853,POST,POSTAGE,1,2011-08-10 10:15:00,18.0,13919,Denmark
562882,POST,POSTAGE,2,2011-08-10 11:23:00,40.0,12384,Switzerland
562946,M,Manual,1,2011-08-11 09:38:00,2500.0,15581,United Kingdom
563020,POST,POSTAGE,3,2011-08-11 12:58:00,40.0,12428,Finland
563037,POST,POSTAGE,3,2011-08-11 15:02:00,15.0,12362,Belgium
563100,POST,POSTAGE,6,2011-08-12 09:57:00,40.0,12381,Norway
563137,M,Manual,1,2011-08-12 11:22:00,1.65,14534,United Kingdom
563172,POST,POSTAGE,1,2011-08-12 13:15:00,15.0,12399,Belgium
563189,POST,POSTAGE,2,2011-08-12 15:22:00,18.0,12682,France
563288,POST,POSTAGE,4,2011-08-15 12:53:00,18.0,12656,France
563345,POST,POSTAGE,2,2011-08-15 13:22:00,18.0,12619,Germany
563373,POST,POSTAGE,2,2011-08-16 10:02:00,18.0,12569,Germany
563383,POST,POSTAGE,1,2011-08-16 10:52:00,15.0,14407,United Kingdom
563443,POST,POSTAGE,1,2011-08-16 13:26:00,40.0,12641,Sweden
563518,POST,POSTAGE,2,2011-08-17 10:56:00,28.0,12421,Spain
563540,POST,POSTAGE,5,2011-08-17 12:04:00,18.0,12473,Germany
563548,POST,POSTAGE,3,2011-08-17 12:30:00,18.0,12528,Germany
563565,M,Manual,12,2011-08-17 14:22:00,0.42,17338,United Kingdom
563576,M,Manual,1,2011-08-17 15:06:00,8.49,12748,United Kingdom
563662,POST,POSTAGE,2,2011-08-18 11:40:00,18.0,12729,France
563692,M,Manual,4,2011-08-18 13:01:00,2.1,17243,United Kingdom
563712,POST,POSTAGE,2,2011-08-18 15:44:00,18.0,12680,France
563749,POST,POSTAGE,2,2011-08-19 10:10:00,40.0,12360,Austria
563753,POST,POSTAGE,3,2011-08-19 10:51:00,18.0,12513,France
563776,POST,POSTAGE,2,2011-08-19 11:23:00,18.0,12600,Germany
563808,POST,POSTAGE,2,2011-08-19 11:46:00,18.0,12626,Germany
563852,POST,POSTAGE,2,2011-08-19 15:18:00,15.0,12395,Belgium
563853,POST,POSTAGE,8,2011-08-19 15:22:00,18.0,12560,Germany
563854,POST,POSTAGE,3,2011-08-19 15:24:00,15.0,12364,Belgium
563897,POST,POSTAGE,1,2011-08-21 10:44:00,18.0,12523,France
563914,POST,POSTAGE,2,2011-08-21 13:18:00,18.0,12518,Germany
563926,POST,POSTAGE,2,2011-08-21 14:42:00,18.0,12553,France
563936,POST,POSTAGE,1,2011-08-22 09:03:00,40.0,17828,Malta
563950,POST,POSTAGE,7,2011-08-22 10:39:00,18.0,12471,Germany
564039,POST,POSTAGE,2,2011-08-22 12:40:00,18.0,12645,Germany
564082,POST,POSTAGE,4,2011-08-23 08:51:00,18.0,12627,Germany
564140,POST,POSTAGE,2,2011-08-23 11:47:00,18.0,12621,Germany
564173,POST,POSTAGE,4,2011-08-23 14:23:00,18.0,12567,France
564196,POST,POSTAGE,1,2011-08-23 16:56:00,15.0,17315,United Kingdom
564201,POST,POSTAGE,2,2011-08-24 08:09:00,28.0,12540,Spain
564216,POST,POSTAGE,2,2011-08-24 09:23:00,18.0,12642,Germany
564226,POST,POSTAGE,2,2011-08-24 10:13:00,18.0,12523,France
564307,M,Manual,1,2011-08-24 12:32:00,2.1,17865,United Kingdom
564328,POST,POSTAGE,2,2011-08-24 13:42:00,18.0,12662,Germany
564329,POST,POSTAGE,2,2011-08-24 13:55:00,18.0,12569,Germany
564337,POST,POSTAGE,1,2011-08-24 14:40:00,18.0,12649,Germany
564360,POST,POSTAGE,3,2011-08-24 16:13:00,18.0,12471,Germany
564367,POST,POSTAGE,1,2011-08-25 09:18:00,18.0,12712,Germany
564372,POST,POSTAGE,6,2011-08-25 09:55:00,18.0,12714,France
564378,POST,POSTAGE,3,2011-08-25 10:26:00,15.0,12417,Belgium
564471,POST,POSTAGE,1,2011-08-25 12:26:00,18.0,12583,France
564475,POST,POSTAGE,1,2011-08-25 12:50:00,18.0,12500,Germany
564476,POST,POSTAGE,1,2011-08-25 12:57:00,40.0,12610,Italy
564479,POST,POSTAGE,2,2011-08-25 13:12:00,18.0,12682,France
564481,POST,POSTAGE,3,2011-08-25 13:33:00,15.0,12464,Belgium
564531,POST,POSTAGE,2,2011-08-25 15:04:00,18.0,12624,France
564539,POST,POSTAGE,2,2011-08-25 15:22:00,40.0,12715,Sweden
564558,POST,POSTAGE,2,2011-08-26 08:59:00,40.0,12704,Finland
564638,POST,POSTAGE,1,2011-08-26 12:54:00,18.0,13812,Germany
564649,POST,POSTAGE,1,2011-08-26 14:13:00,15.0,15611,United Kingdom
564666,POST,POSTAGE,1,2011-08-26 14:51:00,18.0,12492,Germany
564670,POST,POSTAGE,6,2011-08-26 15:44:00,18.0,12683,France
564749,POST,POSTAGE,2,2011-08-30 08:15:00,18.0,12708,Germany
564764,DOT,DOTCOM POSTAGE,1,2011-08-30 10:49:00,11.17,14096,United Kingdom
564819,POST,POSTAGE,1,2011-08-30 12:11:00,40.0,12814,Poland
564853,POST,POSTAGE,3,2011-08-31 08:55:00,15.0,12423,Belgium
564858,POST,POSTAGE,5,2011-08-31 09:44:00,28.0,12484,Spain
564861,POST,POSTAGE,1,2011-08-31 10:21:00,15.0,17315,United Kingdom
564862,POST,POSTAGE,1,2011-08-31 10:24:00,145.0,12678,France
564906,POST,POSTAGE,2,2011-08-31 12:18:00,18.0,12682,France
564912,POST,POSTAGE,3,2011-08-31 12:33:00,18.0,12490,France
564972,POST,POSTAGE,6,2011-08-31 15:30:00,18.0,12621,Germany
565123,M,Manual,96,2011-09-01 11:56:00,5.0,17949,United Kingdom
565124,POST,POSTAGE,2,2011-09-01 12:09:00,40.0,12436,Norway
565210,M,Manual,41,2011-09-01 17:09:00,0.19,17750,United Kingdom
565239,POST,POSTAGE,3,2011-09-02 09:51:00,18.0,12670,France
565246,POST,POSTAGE,4,2011-09-02 10:27:00,15.0,12408,Belgium
565261,POST,POSTAGE,2,2011-09-02 10:53:00,18.0,12474,Germany
565287,POST,POSTAGE,1,2011-09-02 11:42:00,18.0,12483,Sweden
565321,POST,POSTAGE,2,2011-09-02 13:14:00,18.0,12437,France
565333,POST,POSTAGE,1,2011-09-02 14:23:00,40.0,12375,Finland
565377,M,Manual,1,2011-09-02 15:12:00,852.8,18087,United Kingdom
565383,DOT,DOTCOM POSTAGE,1,2011-09-02 15:45:00,16.46,14096,United Kingdom
565416,POST,POSTAGE,2,2011-09-04 12:00:00,18.0,12710,Germany
565423,POST,POSTAGE,1,2011-09-04 12:23:00,18.0,12569,Germany
565442,POST,POSTAGE,3,2011-09-04 14:09:00,18.0,12627,Germany
565443,POST,POSTAGE,3,2011-09-04 14:22:00,18.0,12567,France
565519,POST,POSTAGE,7,2011-09-05 11:52:00,28.0,12502,Spain
565579,M,Manual,1,2011-09-05 12:35:00,4.0,18283,United Kingdom
565583,POST,POSTAGE,1,2011-09-05 12:41:00,40.0,12816,Poland
565587,POST,POSTAGE,6,2011-09-05 13:38:00,18.0,12727,France
565612,POST,POSTAGE,2,2011-09-05 15:17:00,18.0,12616,France
565735,BANK CHARGES,Bank Charges,1,2011-09-06 12:25:00,15.0,16904,United Kingdom
565759,POST,POSTAGE,3,2011-09-06 13:46:00,18.0,12720,Germany
565765,POST,POSTAGE,2,2011-09-06 14:19:00,18.0,12526,Germany
565777,POST,POSTAGE,1,2011-09-06 14:53:00,18.0,12569,Germany
565785,POST,POSTAGE,5,2011-09-06 16:57:00,40.0,12461,Switzerland
565801,POST,POSTAGE,3,2011-09-07 10:28:00,18.0,12685,France
565854,POST,POSTAGE,4,2011-09-07 13:22:00,18.0,12490,France
565870,POST,POSTAGE,1,2011-09-07 15:10:00,15.0,16828,United Kingdom
565930,POST,POSTAGE,5,2011-09-08 10:32:00,18.0,12685,France
565931,POST,POSTAGE,2,2011-09-08 10:35:00,18.0,12683,France
565933,POST,POSTAGE,1,2011-09-08 10:43:00,15.0,15885,United Kingdom
566040,POST,POSTAGE,2,2011-09-08 13:38:00,28.0,12540,Spain
566054,POST,POSTAGE,1,2011-09-08 15:04:00,18.0,12592,Germany
566059,POST,POSTAGE,1,2011-09-08 15:22:00,18.0,12569,Germany
566076,POST,POSTAGE,11,2011-09-09 09:13:00,15.0,12449,Belgium
566080,POST,POSTAGE,1,2011-09-09 10:05:00,15.0,15187,United Kingdom
566115,POST,POSTAGE,1,2011-09-09 10:51:00,18.0,12674,France
566173,POST,POSTAGE,1,2011-09-09 12:24:00,15.0,12787,Netherlands
566217,DOT,DOTCOM POSTAGE,1,2011-09-09 15:17:00,13.16,14096,United Kingdom
566233,POST,POSTAGE,7,2011-09-11 11:04:00,18.0,12635,Germany
566256,POST,POSTAGE,1,2011-09-11 12:27:00,18.0,12680,France
566267,POST,POSTAGE,3,2011-09-11 13:32:00,18.0,12647,Germany
566268,POST,POSTAGE,3,2011-09-11 13:38:00,18.0,13813,Germany
566492,POST,POSTAGE,1,2011-09-13 10:34:00,18.0,12679,France
566562,M,Manual,12,2011-09-13 12:18:00,0.42,17365,United Kingdom
566566,DOT,DOTCOM POSTAGE,1,2011-09-13 12:32:00,85.58,14096,United Kingdom
566586,POST,POSTAGE,1,2011-09-13 14:23:00,18.0,12619,Germany
566598,POST,POSTAGE,1,2011-09-13 15:35:00,40.0,12664,Finland
566736,POST,POSTAGE,2,2011-09-14 14:19:00,18.0,12726,France
566739,POST,POSTAGE,3,2011-09-14 14:30:00,18.0,12566,Germany
566773,POST,POSTAGE,2,2011-09-15 09:43:00,40.0,12444,Norway
566865,POST,POSTAGE,1,2011-09-15 12:53:00,15.0,14735,United Kingdom
566916,POST,POSTAGE,4,2011-09-15 14:25:00,40.0,12457,Switzerland
566918,POST,POSTAGE,1,2011-09-15 14:50:00,18.0,12722,France
566927,M,Manual,1,2011-09-15 15:20:00,2033.1,17846,United Kingdom
566984,POST,POSTAGE,3,2011-09-16 10:39:00,18.0,12471,Germany
566987,POST,POSTAGE,4,2011-09-16 10:56:00,18.0,12476,Germany
567134,POST,POSTAGE,1,2011-09-16 14:20:00,18.0,12600,Germany
567183,M,Manual,1,2011-09-18 15:32:00,1.65,14769,United Kingdom
567191,POST,POSTAGE,3,2011-09-19 09:15:00,18.0,12562,France
567196,POST,POSTAGE,2,2011-09-19 10:09:00,15.0,12379,Belgium
567293,POST,POSTAGE,5,2011-09-19 12:01:00,18.0,12640,France
567296,POST,POSTAGE,1,2011-09-19 12:19:00,18.0,12682,France
567298,POST,POSTAGE,5,2011-09-19 12:29:00,18.0,12497,Germany
567300,POST,POSTAGE,3,2011-09-19 12:36:00,18.0,12724,France
567305,POST,POSTAGE,2,2011-09-19 13:28:00,18.0,12621,Germany
567336,POST,POSTAGE,4,2011-09-19 14:56:00,18.0,12621,Germany
567340,POST,POSTAGE,4,2011-09-19 15:02:00,28.0,12540,Spain
567342,POST,POSTAGE,1,2011-09-19 15:04:00,10.0,16235,United Kingdom
567424,M,Manual,2,2011-09-20 11:16:00,0.19,16369,United Kingdom
567424,M,Manual,2,2011-09-20 11:16:00,0.85,16369,United Kingdom
567460,M,Manual,3,2011-09-20 12:30:00,0.19,15888,United Kingdom
567460,M,Manual,6,2011-09-20 12:30:00,0.85,15888,United Kingdom
567462,M,Manual,60,2011-09-20 12:35:00,0.08,14446,United Kingdom
567485,M,Manual,60,2011-09-20 13:52:00,0.08,15026,United Kingdom
567505,POST,POSTAGE,2,2011-09-20 14:34:00,40.0,12352,Norway
567530,POST,POSTAGE,3,2011-09-21 09:33:00,15.0,12390,Belgium
567552,POST,POSTAGE,3,2011-09-21 10:40:00,18.0,12583,France
567578,POST,POSTAGE,2,2011-09-21 10:47:00,18.0,12701,Germany
567618,POST,POSTAGE,1,2011-09-21 12:26:00,18.0,12721,France
567653,POST,POSTAGE,5,2011-09-21 14:35:00,28.0,12550,Spain
567656,DOT,DOTCOM POSTAGE,1,2011-09-21 14:40:00,878.55,14096,United Kingdom
567666,POST,POSTAGE,4,2011-09-21 15:23:00,18.0,12520,Germany
567756,POST,POSTAGE,3,2011-09-22 10:52:00,18.0,12678,France
567793,POST,POSTAGE,4,2011-09-22 11:40:00,18.0,12657,France
567795,POST,POSTAGE,6,2011-09-22 11:44:00,15.0,14646,Netherlands
567824,POST,POSTAGE,1,2011-09-22 13:00:00,37.5,12739,United Arab Emirates
567866,M,Manual,5,2011-09-22 14:13:00,0.8,16669,United Kingdom
567869,M,Manual,5,2011-09-22 14:18:00,0.08,16669,United Kingdom
567897,POST,POSTAGE,1,2011-09-22 16:07:00,15.0,12364,Belgium
567904,POST,POSTAGE,2,2011-09-22 16:34:00,18.0,12609,Germany
567910,POST,POSTAGE,1,2011-09-22 16:58:00,18.0,12437,France
567912,M,Manual,29,2011-09-22 17:07:00,0.06,15555,United Kingdom
567914,POST,POSTAGE,1,2011-09-22 17:14:00,18.0,12647,Germany
567915,POST,POSTAGE,3,2011-09-22 17:15:00,18.0,12579,France
567924,POST,POSTAGE,1,2011-09-22 17:25:00,18.0,12471,Germany
567928,POST,POSTAGE,3,2011-09-22 17:31:00,18.0,12380,Belgium
567938,POST,POSTAGE,2,2011-09-22 18:14:00,40.0,12704,Finland
567958,POST,POSTAGE,2,2011-09-23 09:00:00,18.0,12619,Germany
567959,POST,POSTAGE,4,2011-09-23 09:13:00,18.0,12516,Germany
567968,POST,POSTAGE,3,2011-09-23 09:44:00,28.0,12546,Spain
568001,POST,POSTAGE,1,2011-09-23 11:35:00,28.0,12540,Spain
568040,POST,POSTAGE,4,2011-09-23 12:09:00,18.0,12681,France
568050,M,Manual,1,2011-09-23 12:38:00,1.5,15901,United Kingdom
568050,M,Manual,6,2011-09-23 12:38:00,0.08,15901,United Kingdom
568056,POST,POSTAGE,5,2011-09-23 12:55:00,18.0,12705,Germany
568103,POST,POSTAGE,3,2011-09-23 15:45:00,18.0,12518,Germany
568132,M,Manual,3,2011-09-23 16:22:00,1.25,15549,United Kingdom
568172,POST,POSTAGE,1,2011-09-25 13:13:00,40.0,12348,Finland
568176,POST,POSTAGE,1,2011-09-25 13:25:00,18.0,12685,France
568179,POST,POSTAGE,3,2011-09-25 13:39:00,28.0,12545,Spain
568208,POST,POSTAGE,2,2011-09-25 15:35:00,28.0,12783,Portugal
568223,POST,POSTAGE,2,2011-09-26 10:16:00,15.0,12412,Denmark
568346,DOT,DOTCOM POSTAGE,1,2011-09-26 15:28:00,688.08,14096,United Kingdom
568350,POST,POSTAGE,2,2011-09-26 15:35:00,18.0,12612,Germany
568375,BANK CHARGES,Bank Charges,1,2011-09-26 17:01:00,15.0,13405,United Kingdom
568375,BANK CHARGES,Bank Charges,1,2011-09-26 17:01:00,0.001,13405,United Kingdom
568384,M,Manual,1,2011-09-27 09:46:00,0.0,12748,United Kingdom
568398,POST,POSTAGE,1,2011-09-27 10:26:00,5.0,14543,United Kingdom
568472,POST,POSTAGE,2,2011-09-27 11:50:00,18.0,12517,Germany
568518,POST,POSTAGE,1,2011-09-27 12:53:00,18.0,12680,France
568554,POST,POSTAGE,1,2011-09-27 15:31:00,28.0,12455,Spain
568645,POST,POSTAGE,3,2011-09-28 11:38:00,18.0,12656,France
568650,POST,POSTAGE,8,2011-09-28 11:56:00,40.0,13505,Switzerland
568651,POST,POSTAGE,4,2011-09-28 12:04:00,15.0,12362,Belgium
568674,POST,POSTAGE,2,2011-09-28 13:30:00,18.0,12708,Germany
568699,POST,POSTAGE,1,2011-09-28 14:58:00,40.0,12352,Norway
568703,M,Manual,183,2011-09-28 15:21:00,0.08,12748,United Kingdom
568798,POST,POSTAGE,3,2011-09-29 10:23:00,18.0,12615,France
568872,POST,POSTAGE,2,2011-09-29 12:12:00,15.0,12372,Denmark
568950,POST,POSTAGE,2,2011-09-29 15:25:00,40.0,12458,Switzerland
568953,POST,POSTAGE,1,2011-09-29 15:31:00,18.0,12728,France
568988,POST,POSTAGE,2,2011-09-29 16:38:00,18.0,12718,France
568994,POST,POSTAGE,2,2011-09-29 16:52:00,18.0,12598,France
569001,POST,POSTAGE,1,2011-09-29 17:52:00,18.0,12703,Germany
569017,POST,POSTAGE,2,2011-09-30 09:22:00,18.0,13813,Germany
569018,POST,POSTAGE,1,2011-09-30 09:25:00,40.0,12676,Sweden
569033,POST,POSTAGE,1,2011-09-30 10:40:00,6.0,15611,United Kingdom
569089,M,Manual,3,2011-09-30 12:03:00,1.0,13764,United Kingdom
569120,POST,POSTAGE,2,2011-09-30 12:58:00,18.0,12583,France
569122,POST,POSTAGE,3,2011-09-30 13:06:00,18.0,12694,France
569246,DOT,DOTCOM POSTAGE,1,2011-10-03 09:57:00,490.25,14096,United Kingdom
569332,POST,POSTAGE,2,2011-10-03 13:46:00,18.0,12637,France
569360,M,Manual,1,2011-10-03 14:59:00,9.95,14653,United Kingdom
569364,M,Manual,12,2011-10-03 15:10:00,1.0,13167,United Kingdom
569382,M,Manual,1,2011-10-03 16:44:00,3155.95,15502,United Kingdom
569389,M,Manual,1,2011-10-03 16:51:00,152.78,15502,United Kingdom
569389,M,Manual,1,2011-10-03 16:51:00,32.22,15502,United Kingdom
569389,M,Manual,1,2011-10-03 16:51:00,120.0,15502,United Kingdom
569402,POST,POSTAGE,1,2011-10-04 09:00:00,18.0,12413,France
569496,POST,POSTAGE,2,2011-10-04 13:45:00,15.0,12395,Belgium
569522,POST,POSTAGE,1,2011-10-04 14:41:00,40.0,12664,Finland
569530,M,Manual,12,2011-10-04 14:58:00,0.08,17957,United Kingdom
569533,M,Manual,1,2011-10-04 15:21:00,7.95,16374,United Kingdom
569562,POST,POSTAGE,3,2011-10-05 09:43:00,18.0,12720,Germany
569563,POST,POSTAGE,8,2011-10-05 09:46:00,18.0,12481,Germany
569568,POST,POSTAGE,5,2011-10-05 09:57:00,18.0,12700,France
569639,POST,POSTAGE,1,2011-10-05 12:24:00,240.0,12471,Germany
569665,POST,POSTAGE,1,2011-10-05 13:34:00,15.0,12789,Netherlands
569686,POST,POSTAGE,2,2011-10-05 14:50:00,18.0,12719,France
569719,POST,POSTAGE,8,2011-10-06 09:10:00,15.0,14646,Netherlands
569721,POST,POSTAGE,1,2011-10-06 09:28:00,18.0,12628,Germany
569727,POST,POSTAGE,2,2011-10-06 09:37:00,18.0,12500,Germany
569735,POST,POSTAGE,2,2011-10-06 10:34:00,15.0,14646,Netherlands
569844,POST,POSTAGE,7,2011-10-06 13:30:00,18.0,12626,Germany
569860,POST,POSTAGE,1,2011-10-06 14:37:00,18.0,13812,Germany
569861,POST,POSTAGE,3,2011-10-06 14:37:00,18.0,13816,Germany
569866,M,Manual,2,2011-10-06 14:50:00,1.25,12757,Portugal
569867,POST,POSTAGE,2,2011-10-06 14:54:00,18.0,12569,Germany
569893,POST,POSTAGE,6,2011-10-06 15:51:00,18.0,12627,Germany
569901,M,Manual,1,2011-10-06 16:20:00,1.25,12923,United Kingdom
569904,POST,POSTAGE,3,2011-10-06 16:27:00,15.0,13023,United Kingdom
569907,POST,POSTAGE,1,2011-10-06 16:41:00,18.0,12569,Germany
569997,POST,POSTAGE,9,2011-10-07 08:08:00,18.0,12394,Denmark
569998,POST,POSTAGE,2,2011-10-07 08:12:00,28.0,12540,Spain
570007,POST,POSTAGE,3,2011-10-07 09:26:00,18.0,12519,Germany
570020,POST,POSTAGE,1,2011-10-07 10:18:00,18.0,12684,France
570026,POST,POSTAGE,1,2011-10-07 10:37:00,40.0,12781,Czech Republic
570082,POST,POSTAGE,7,2011-10-07 11:19:00,18.0,12524,Germany
570095,POST,POSTAGE,2,2011-10-07 11:57:00,18.0,12528,Germany
570189,POST,POSTAGE,1,2011-10-07 15:15:00,18.0,12492,Germany
570191,POST,POSTAGE,1,2011-10-07 15:23:00,15.0,12778,Netherlands
570267,POST,POSTAGE,1,2011-10-10 10:13:00,18.0,12682,France
570333,M,Manual,6,2011-10-10 12:19:00,0.39,18126,United Kingdom
570409,POST,POSTAGE,2,2011-10-10 13:03:00,18.0,12682,France
570446,POST,POSTAGE,2,2011-10-10 14:49:00,15.0,12431,Belgium
570448,M,Manual,3,2011-10-10 14:55:00,1.0,13224,United Kingdom
570452,POST,POSTAGE,2,2011-10-10 15:15:00,18.0,12427,Germany
570479,M,Manual,1,2011-10-10 16:58:00,1.25,17589,United Kingdom
570488,DOT,DOTCOM POSTAGE,1,2011-10-10 17:12:00,635.01,14096,United Kingdom
570499,POST,POSTAGE,5,2011-10-11 09:19:00,28.0,12772,Portugal
570637,POST,POSTAGE,2,2011-10-11 12:34:00,18.0,12530,Germany
570640,POST,POSTAGE,2,2011-10-11 12:38:00,18.0,12474,Germany
570666,POST,POSTAGE,1,2011-10-11 14:24:00,18.0,13919,Denmark
570667,POST,POSTAGE,2,2011-10-11 14:33:00,15.0,12362,Belgium
570681,POST,POSTAGE,1,2011-10-11 15:45:00,6.0,12381,Norway
570685,M,Manual,18,2011-10-11 16:25:00,1.0,13208,United Kingdom
570705,M,Manual,18,2011-10-12 09:54:00,0.36,13208,United Kingdom
570714,POST,POSTAGE,2,2011-10-12 10:20:00,40.0,13520,Switzerland
570718,POST,POSTAGE,2,2011-10-12 10:36:00,18.0,12518,Germany
570725,POST,POSTAGE,1,2011-10-12 11:30:00,4.5,12381,Norway
570754,POST,POSTAGE,1,2011-10-12 11:40:00,18.0,12633,Germany
570769,POST,POSTAGE,2,2011-10-12 11:43:00,18.0,12664,Finland
570784,POST,POSTAGE,1,2011-10-12 11:49:00,18.0,12569,Germany
570793,POST,POSTAGE,8,2011-10-12 12:08:00,40.0,12444,Norway
570798,POST,POSTAGE,2,2011-10-12 12:30:00,18.0,12679,France
570823,POST,POSTAGE,1,2011-10-12 12:54:00,18.0,12691,France
570841,POST,POSTAGE,2,2011-10-12 14:18:00,18.0,12553,France
570851,POST,POSTAGE,1,2011-10-12 14:46:00,18.0,12583,France
570875,POST,POSTAGE,4,2011-10-12 17:00:00,40.0,12667,Finland
570879,POST,POSTAGE,2,2011-10-13 08:42:00,18.0,12685,France
570881,POST,POSTAGE,2,2011-10-13 09:30:00,18.0,12498,Germany
571030,POST,POSTAGE,7,2011-10-13 12:26:00,15.0,12876,Belgium
571035,M,Manual,1,2011-10-13 12:50:00,0.0,12446,RSA
571053,POST,POSTAGE,4,2011-10-13 13:53:00,40.0,12631,Finland
571065,POST,POSTAGE,7,2011-10-13 14:59:00,18.0,12613,Germany
571106,M,Manual,1,2011-10-13 16:14:00,1.0,14976,United Kingdom
571111,POST,POSTAGE,1,2011-10-13 16:37:00,15.0,14976,United Kingdom
571179,M,Manual,1,2011-10-14 10:42:00,40.0,15482,United Kingdom
571187,POST,POSTAGE,3,2011-10-14 11:39:00,18.0,12380,Belgium
571188,POST,POSTAGE,4,2011-10-14 11:42:00,28.0,12783,Portugal
571190,M,Manual,4,2011-10-14 11:43:00,0.12,17771,United Kingdom
571191,POST,POSTAGE,1,2011-10-14 11:44:00,15.0,17404,Sweden
571215,POST,POSTAGE,3,2011-10-14 12:57:00,18.0,13810,Germany
571223,M,Manual,1,2011-10-14 13:36:00,599.5,13810,Germany
571240,POST,POSTAGE,2,2011-10-14 14:55:00,18.0,12562,France
571289,M,Manual,1,2011-10-16 15:27:00,0.39,15113,United Kingdom
571304,POST,POSTAGE,4,2011-10-17 09:37:00,18.0,12526,Germany
571308,POST,POSTAGE,3,2011-10-17 10:10:00,18.0,12475,Germany
571312,POST,POSTAGE,4,2011-10-17 10:42:00,18.0,12474,Germany
571324,M,Manual,1,2011-10-17 11:08:00,283.02,12783,Portugal
571326,M,Manual,1,2011-10-17 11:11:00,339.02,12783,Portugal
571328,POST,POSTAGE,7,2011-10-17 11:27:00,18.0,12473,Germany
571441,DOT,DOTCOM POSTAGE,1,2011-10-17 13:31:00,743.62,14096,United Kingdom
571445,POST,POSTAGE,2,2011-10-17 13:44:00,18.0,12463,Belgium
571465,M,Manual,1,2011-10-17 14:29:00,0.85,14830,United Kingdom
571556,POST,POSTAGE,2,2011-10-18 09:24:00,18.0,12662,Germany
571658,POST,POSTAGE,3,2011-10-18 12:48:00,18.0,12621,Germany
571665,POST,POSTAGE,3,2011-10-18 12:59:00,28.0,12540,Spain
571697,POST,POSTAGE,3,2011-10-18 14:49:00,15.0,12759,Netherlands
571705,POST,POSTAGE,3,2011-10-18 15:22:00,40.0,12360,Austria
571724,POST,POSTAGE,3,2011-10-19 08:20:00,18.0,12572,Germany
571729,POST,POSTAGE,1,2011-10-19 09:43:00,18.0,12500,Germany
571751,M,Manual,1,2011-10-19 11:18:00,3949.32,12744,Singapore
571751,M,Manual,1,2011-10-19 11:18:00,2118.74,12744,Singapore
571824,POST,POSTAGE,6,2011-10-19 11:49:00,18.0,12472,Germany
571851,POST,POSTAGE,4,2011-10-19 13:02:00,28.0,12596,Spain
571883,M,Manual,6,2011-10-19 13:58:00,0.39,14704,United Kingdom
571900,BANK CHARGES,Bank Charges,1,2011-10-19 14:26:00,15.0,13263,United Kingdom
571904,POST,POSTAGE,1,2011-10-19 14:41:00,18.0,12522,Germany
571909,M,Manual,1,2011-10-19 15:08:00,4.95,15006,United Kingdom
571923,POST,POSTAGE,2,2011-10-19 16:24:00,18.0,12685,France
572054,POST,POSTAGE,2,2011-10-20 12:31:00,18.0,12642,Germany
572056,POST,POSTAGE,1,2011-10-20 12:40:00,35.0,17402,United Kingdom
572060,POST,POSTAGE,1,2011-10-20 12:52:00,18.0,12569,Germany
572061,POST,POSTAGE,2,2011-10-20 12:53:00,18.0,12474,Germany
572087,POST,POSTAGE,6,2011-10-20 14:30:00,18.0,12683,France
572103,M,Manual,1,2011-10-20 15:57:00,1.25,17571,United Kingdom
572133,POST,POSTAGE,2,2011-10-21 10:11:00,18.0,12407,Belgium
572184,POST,POSTAGE,2,2011-10-21 10:51:00,18.0,12403,Denmark
572233,POST,POSTAGE,7,2011-10-21 14:41:00,15.0,14646,Netherlands
572241,POST,POSTAGE,1,2011-10-21 15:20:00,18.0,12712,Germany
572293,M,Manual,1,2011-10-23 13:02:00,50.0,12748,United Kingdom
572316,M,Manual,1,2011-10-23 16:13:00,0.38,17836,United Kingdom
572344,M,Manual,456,2011-10-24 10:43:00,1.5,14607,United Kingdom
572344,M,Manual,48,2011-10-24 10:43:00,1.5,14607,United Kingdom
572344,M,Manual,48,2011-10-24 10:43:00,1.5,14607,United Kingdom
572344,M,Manual,48,2011-10-24 10:43:00,1.5,14607,United Kingdom
572344,M,Manual,48,2011-10-24 10:43:00,1.5,14607,United Kingdom
572344,M,Manual,48,2011-10-24 10:43:00,1.5,14607,United Kingdom
572344,M,Manual,48,2011-10-24 10:43:00,1.5,14607,United Kingdom
572423,M,Manual,1,2011-10-24 12:02:00,464.9,16742,United Kingdom
572442,POST,POSTAGE,2,2011-10-24 12:09:00,28.0,12546,Spain
572552,DOT,DOTCOM POSTAGE,1,2011-10-24 17:07:00,638.3,14096,United Kingdom
572560,POST,POSTAGE,8,2011-10-25 08:45:00,18.0,12476,Germany
572567,POST,POSTAGE,5,2011-10-25 10:27:00,40.0,12398,Switzerland
572656,M,Manual,288,2011-10-25 12:22:00,1.5,14607,United Kingdom
572682,M,Manual,72,2011-10-25 13:52:00,0.39,17928,United Kingdom
572696,M,Manual,1,2011-10-25 14:23:00,250.0,17857,United Kingdom
572770,POST,POSTAGE,9,2011-10-26 10:16:00,40.0,12371,Switzerland
572832,M,Manual,1,2011-10-26 11:40:00,1.0,16454,United Kingdom
572886,POST,POSTAGE,3,2011-10-26 13:46:00,28.0,12448,Spain
572887,POST,POSTAGE,4,2011-10-26 13:47:00,15.0,12362,Belgium
572894,POST,POSTAGE,1,2011-10-26 14:39:00,18.0,12569,Germany
572895,POST,POSTAGE,1,2011-10-26 14:39:00,18.0,12569,Germany
572896,POST,POSTAGE,4,2011-10-26 14:41:00,40.0,12456,Switzerland
572934,POST,POSTAGE,4,2011-10-27 10:18:00,40.0,12610,Italy
572964,POST,POSTAGE,3,2011-10-27 10:41:00,40.0,12630,Finland
572986,POST,POSTAGE,3,2011-10-27 10:51:00,18.0,12681,France
572992,POST,POSTAGE,2,2011-10-27 10:57:00,18.0,12681,France
573036,POST,POSTAGE,2,2011-10-27 13:44:00,18.0,12437,France
573077,M,Manual,1,2011-10-27 14:13:00,4161.06,12536,France
573080,M,Manual,1,2011-10-27 14:20:00,4161.06,12536,France
573106,POST,POSTAGE,1,2011-10-27 15:05:00,18.0,12626,Germany
573108,POST,POSTAGE,1,2011-10-27 15:09:00,40.0,12430,Norway
573136,POST,POSTAGE,2,2011-10-27 17:00:00,18.0,12709,Germany
573153,POST,POSTAGE,3,2011-10-28 07:39:00,145.0,12678,France
573173,POST,POSTAGE,4,2011-10-28 10:10:00,15.0,12362,Belgium
573284,POST,POSTAGE,1,2011-10-28 14:27:00,18.0,13812,Germany
573289,POST,POSTAGE,4,2011-10-28 14:44:00,18.0,12705,Germany
573311,M,Manual,8,2011-10-28 16:45:00,0.39,14071,United Kingdom
573328,M,Manual,3,2011-10-30 11:09:00,0.39,16601,United Kingdom
573333,POST,POSTAGE,2,2011-10-30 11:34:00,40.0,12483,Sweden
573340,M,Manual,3,2011-10-30 11:55:00,0.79,14159,United Kingdom
573345,M,Manual,25,2011-10-30 12:14:00,0.2,17609,United Kingdom
573362,POST,POSTAGE,10,2011-10-30 13:06:00,28.0,12597,Spain
573401,POST,POSTAGE,2,2011-10-30 15:43:00,15.0,12364,Belgium
573402,POST,POSTAGE,1,2011-10-30 15:44:00,18.0,12494,France
573417,POST,POSTAGE,1,2011-10-31 08:56:00,18.0,12581,Germany
573430,POST,POSTAGE,3,2011-10-31 10:38:00,18.0,13813,Germany
573576,DOT,DOTCOM POSTAGE,1,2011-10-31 14:09:00,901.58,14096,United Kingdom
573586,BANK CHARGES,Bank Charges,1,2011-10-31 14:48:00,15.0,14704,United Kingdom
573588,POST,POSTAGE,1,2011-10-31 15:01:00,40.0,12588,Finland
573629,POST,POSTAGE,1,2011-10-31 15:30:00,18.0,12522,Germany
573656,POST,POSTAGE,3,2011-10-31 16:02:00,15.0,12417,Belgium
573768,POST,POSTAGE,3,2011-11-01 10:02:00,40.0,12552,Italy
573867,POST,POSTAGE,2,2011-11-01 12:12:00,18.0,12674,France
573868,POST,POSTAGE,2,2011-11-01 12:18:00,18.0,12491,France
573891,POST,POSTAGE,5,2011-11-01 13:56:00,18.0,12682,France
574068,POST,POSTAGE,3,2011-11-02 14:51:00,18.0,12490,France
574071,POST,POSTAGE,1,2011-11-02 14:57:00,18.0,12654,Germany
574097,POST,POSTAGE,5,2011-11-03 09:56:00,18.0,12471,Germany
574104,POST,POSTAGE,3,2011-11-03 10:45:00,18.0,12615,France
574252,POST,POSTAGE,2,2011-11-03 13:24:00,18.0,12437,France
574252,M,Manual,1,2011-11-03 13:24:00,0.0,12437,France
574255,POST,POSTAGE,1,2011-11-03 13:44:00,18.0,12569,Germany
574275,POST,POSTAGE,2,2011-11-03 14:37:00,40.0,12352,Norway
574277,M,Manual,832,2011-11-03 14:42:00,0.25,17857,United Kingdom
574301,POST,POSTAGE,2,2011-11-03 16:15:00,28.0,12544,Spain
574317,M,Manual,6,2011-11-03 18:49:00,0.39,17078,United Kingdom
574329,POST,POSTAGE,4,2011-11-04 09:07:00,15.0,12362,Belgium
574332,POST,POSTAGE,3,2011-11-04 09:24:00,18.0,12664,Finland
574336,POST,POSTAGE,6,2011-11-04 09:52:00,15.0,12397,Belgium
574442,POST,POSTAGE,5,2011-11-04 11:40:00,40.0,12704,Finland
574474,M,Manual,4,2011-11-04 12:05:00,0.85,17979,United Kingdom
574506,M,Manual,1,2011-11-04 13:24:00,3.95,12577,France
574546,BANK CHARGES,Bank Charges,1,2011-11-04 14:59:00,15.0,13651,United Kingdom
574653,POST,POSTAGE,2,2011-11-06 11:30:00,18.0,12619,Germany
574679,POST,POSTAGE,3,2011-11-06 12:38:00,18.0,12645,Germany
574690,POST,POSTAGE,4,2011-11-06 13:11:00,40.0,12638,Sweden
574694,POST,POSTAGE,2,2011-11-06 13:36:00,40.0,12381,Norway
574713,POST,POSTAGE,1,2011-11-06 14:26:00,18.0,12628,Germany
574722,M,Manual,16,2011-11-06 14:45:00,0.19,14502,United Kingdom
574741,M,Manual,6,2011-11-06 16:13:00,1.45,15993,United Kingdom
574838,POST,POSTAGE,5,2011-11-07 11:37:00,28.0,12484,Spain
574844,POST,POSTAGE,1,2011-11-07 11:57:00,28.0,12783,Portugal
574862,POST,POSTAGE,5,2011-11-07 12:27:00,15.0,12408,Belgium
574869,POST,POSTAGE,1,2011-11-07 12:44:00,18.0,12708,Germany
574885,POST,POSTAGE,1,2011-11-07 14:01:00,18.0,12472,Germany
575034,M,Manual,1,2011-11-08 11:38:00,7.95,15573,United Kingdom
575043,M,Manual,1,2011-11-08 12:06:00,4.95,13047,United Kingdom
575049,POST,POSTAGE,3,2011-11-08 12:13:00,18.0,12721,France
575059,M,Manual,30,2011-11-08 12:25:00,0.39,14071,United Kingdom
575067,POST,POSTAGE,2,2011-11-08 12:45:00,18.0,12583,France
575144,POST,POSTAGE,3,2011-11-08 15:38:00,28.0,12540,Spain
575151,POST,POSTAGE,1,2011-11-08 16:12:00,15.0,12395,Belgium
575154,POST,POSTAGE,2,2011-11-08 16:15:00,18.0,12395,Belgium
575193,POST,POSTAGE,5,2011-11-09 09:34:00,18.0,12681,France
575304,M,Manual,1,2011-11-09 12:38:00,1.25,17841,United Kingdom
575326,POST,POSTAGE,2,2011-11-09 13:47:00,18.0,12532,France
575328,M,Manual,1200,2011-11-09 13:48:00,0.25,17857,United Kingdom
575352,POST,POSTAGE,3,2011-11-09 14:56:00,18.0,12504,Germany
575498,POST,POSTAGE,1,2011-11-10 09:52:00,18.0,12708,Germany
575514,POST,POSTAGE,3,2011-11-10 10:40:00,28.0,12541,Spain
575519,POST,POSTAGE,2,2011-11-10 10:53:00,18.0,12682,France
575581,POST,POSTAGE,1,2011-11-10 11:53:00,18.0,12659,France
575584,POST,POSTAGE,1,2011-11-10 11:55:00,18.0,12682,France
575607,DOT,DOTCOM POSTAGE,1,2011-11-10 12:37:00,908.16,14096,United Kingdom
575629,POST,POSTAGE,1,2011-11-10 13:34:00,18.0,12599,France
575632,M,Manual,1,2011-11-10 13:44:00,40.46,12473,Germany
575632,M,Manual,1,2011-11-10 13:44:00,424.06,12473,Germany
575632,M,Manual,1,2011-11-10 13:44:00,549.34,12473,Germany
575636,M,Manual,1,2011-11-10 13:46:00,40.46,12473,Germany
575671,POST,POSTAGE,3,2011-11-10 15:03:00,18.0,12670,France
575709,POST,POSTAGE,2,2011-11-10 17:27:00,15.0,14646,Netherlands
575713,POST,POSTAGE,2,2011-11-10 17:49:00,18.0,13817,Germany
575732,POST,POSTAGE,2,2011-11-11 08:19:00,18.0,12712,Germany
575733,POST,POSTAGE,1,2011-11-11 08:33:00,18.0,13810,Germany
575734,POST,POSTAGE,2,2011-11-11 08:39:00,40.0,12384,Switzerland
575736,POST,POSTAGE,1,2011-11-11 08:47:00,40.0,12697,Sweden
575747,POST,POSTAGE,3,2011-11-11 10:19:00,18.0,12589,France
575750,POST,POSTAGE,3,2011-11-11 10:29:00,18.0,12600,Germany
575787,POST,POSTAGE,3,2011-11-11 11:18:00,18.0,12518,Germany
575845,POST,POSTAGE,1,2011-11-11 12:07:00,18.0,12598,France
575848,M,Manual,1,2011-11-11 12:10:00,10.0,14178,United Kingdom
575880,POST,POSTAGE,3,2011-11-11 13:35:00,18.0,12726,France
575884,POST,POSTAGE,3,2011-11-11 13:46:00,18.0,12685,France
575888,POST,POSTAGE,3,2011-11-11 14:04:00,18.0,12517,Germany
575896,POST,POSTAGE,8,2011-11-11 14:52:00,18.0,12480,Germany
575904,M,Manual,1,2011-11-11 15:28:00,7.95,18014,United Kingdom
575916,POST,POSTAGE,1,2011-11-11 16:49:00,18.0,12691,France
575952,M,Manual,1,2011-11-13 11:55:00,0.29,16015,United Kingdom
576082,POST,POSTAGE,2,2011-11-14 08:22:00,40.0,12428,Finland
576087,POST,POSTAGE,4,2011-11-14 08:31:00,18.0,12689,France
576213,M,Manual,1,2011-11-14 12:47:00,1.25,18117,United Kingdom
576222,POST,POSTAGE,2,2011-11-14 13:02:00,18.0,12490,France
576245,POST,POSTAGE,3,2011-11-14 13:40:00,18.0,12553,France
576269,POST,POSTAGE,2,2011-11-14 14:23:00,28.0,12762,Portugal
576322,POST,POSTAGE,2,2011-11-14 15:03:00,18.0,12642,Germany
576327,POST,POSTAGE,2,2011-11-14 15:19:00,18.0,12476,Germany
576339,DOT,DOTCOM POSTAGE,1,2011-11-14 15:27:00,1500.36,14096,United Kingdom
576345,POST,POSTAGE,3,2011-11-14 15:37:00,40.0,12374,Austria
576349,M,Manual,1,2011-11-14 15:41:00,2.1,16519,United Kingdom
576373,POST,POSTAGE,4,2011-11-15 08:43:00,18.0,12640,France
576389,M,Manual,1,2011-11-15 10:05:00,850.5,12748,United Kingdom
576390,POST,POSTAGE,1,2011-11-15 10:13:00,18.0,12569,Germany
576399,POST,POSTAGE,2,2011-11-15 10:50:00,18.0,12684,France
576519,POST,POSTAGE,1,2011-11-15 12:25:00,40.0,12676,Sweden
576553,M,Manual,6,2011-11-15 12:57:00,2.55,14666,United Kingdom
576607,POST,POSTAGE,4,2011-11-15 15:42:00,18.0,12474,Germany
576629,POST,POSTAGE,3,2011-11-16 08:37:00,18.0,12621,Germany
576630,POST,POSTAGE,1,2011-11-16 08:38:00,18.0,13816,Germany
576657,POST,POSTAGE,3,2011-11-16 11:03:00,18.0,12720,Germany
576664,POST,POSTAGE,1,2011-11-16 11:41:00,15.0,14646,Netherlands
576669,POST,POSTAGE,1,2011-11-16 11:52:00,18.0,12640,France
576787,POST,POSTAGE,4,2011-11-16 13:54:00,18.0,13815,Germany
576789,POST,POSTAGE,1,2011-11-16 13:56:00,18.0,12569,Germany
576790,POST,POSTAGE,1,2011-11-16 13:59:00,18.0,12569,Germany
576863,POST,POSTAGE,2,2011-11-16 16:06:00,18.0,12626,Germany
576869,POST,POSTAGE,1,2011-11-16 16:20:00,18.0,12500,Germany
576890,POST,POSTAGE,2,2011-11-16 17:25:00,18.0,12662,Germany
576893,POST,POSTAGE,1,2011-11-17 08:29:00,18.0,12481,Germany
576894,POST,POSTAGE,2,2011-11-17 08:35:00,18.0,12681,France
576897,POST,POSTAGE,7,2011-11-17 08:41:00,65.0,17828,Malta
576907,POST,POSTAGE,1,2011-11-17 09:34:00,40.0,12610,Italy
576909,POST,POSTAGE,8,2011-11-17 09:49:00,18.0,12471,Germany
576927,POST,POSTAGE,6,2011-11-17 11:02:00,18.0,12567,France
576941,POST,POSTAGE,5,2011-11-17 11:34:00,18.0,12562,France
577027,POST,POSTAGE,5,2011-11-17 12:56:00,18.0,12647,Germany
577029,M,Manual,30,2011-11-17 12:59:00,1.0,15563,United Kingdom
577046,POST,POSTAGE,7,2011-11-17 13:46:00,18.0,12449,Belgium
577058,M,Manual,2,2011-11-17 14:29:00,0.29,18122,United Kingdom
577067,POST,POSTAGE,2,2011-11-17 14:49:00,40.0,12704,Finland
577068,M,Manual,30,2011-11-17 14:50:00,0.3,15563,United Kingdom
577087,POST,POSTAGE,2,2011-11-17 15:55:00,15.0,12464,Belgium
577121,POST,POSTAGE,4,2011-11-17 18:29:00,18.0,12681,France
577125,POST,POSTAGE,2,2011-11-17 18:43:00,28.0,12445,Spain
577135,POST,POSTAGE,2,2011-11-18 08:56:00,18.0,12427,Germany
577152,POST,POSTAGE,2,2011-11-18 09:53:00,18.0,14277,France
577168,POST,POSTAGE,7,2011-11-18 10:42:00,18.0,12603,Germany
577168,M,Manual,1,2011-11-18 10:42:00,0.0,12603,Germany
577178,POST,POSTAGE,1,2011-11-18 11:10:00,40.0,12618,Italy
577180,POST,POSTAGE,8,2011-11-18 11:27:00,18.0,12380,Belgium
577295,POST,POSTAGE,3,2011-11-18 12:46:00,18.0,12682,France
577299,POST,POSTAGE,1,2011-11-18 12:52:00,18.0,12498,Germany
577314,POST,POSTAGE,6,2011-11-18 13:23:00,40.0,12444,Norway
577316,POST,POSTAGE,7,2011-11-18 13:30:00,28.0,12578,Italy
577326,POST,POSTAGE,2,2011-11-18 14:08:00,15.0,14646,Netherlands
577344,POST,POSTAGE,1,2011-11-18 15:14:00,18.0,12437,France
577406,POST,POSTAGE,1,2011-11-20 10:36:00,18.0,12702,Germany
577474,POST,POSTAGE,3,2011-11-20 11:30:00,18.0,12778,Netherlands
577476,POST,POSTAGE,3,2011-11-20 11:31:00,28.0,12540,Spain
577523,POST,POSTAGE,1,2011-11-20 13:33:00,28.0,12597,Spain
577551,POST,POSTAGE,2,2011-11-20 15:21:00,15.0,12395,Belgium
577606,POST,POSTAGE,3,2011-11-21 09:11:00,28.0,12462,Spain
577609,POST,POSTAGE,1,2011-11-21 09:51:00,300.0,12349,Italy
577615,POST,POSTAGE,3,2011-11-21 10:22:00,18.0,12658,Germany
577618,POST,POSTAGE,4,2011-11-21 10:27:00,28.0,12795,Portugal
577687,POST,POSTAGE,3,2011-11-21 11:16:00,18.0,12583,France
577695,M,Manual,1,2011-11-21 11:55:00,0.42,15645,United Kingdom
577696,M,Manual,1,2011-11-21 11:57:00,0.0,16406,United Kingdom
577773,M,Manual,3,2011-11-21 15:57:00,2.55,16712,United Kingdom
577856,POST,POSTAGE,4,2011-11-22 11:19:00,18.0,12490,France
577893,M,Manual,1,2011-11-22 11:47:00,1.25,17073,United Kingdom
577906,M,Manual,76,2011-11-22 11:51:00,0.29,13268,United Kingdom
577938,M,Manual,2,2011-11-22 12:07:00,1.25,15525,United Kingdom
578017,M,Manual,1,2011-11-22 13:07:00,1.5,13569,United Kingdom
578033,POST,POSTAGE,4,2011-11-22 13:42:00,18.0,12656,France
578034,POST,POSTAGE,5,2011-11-22 13:47:00,15.0,14646,Netherlands
578036,M,Manual,2,2011-11-22 14:04:00,0.08,16474,United Kingdom
578041,M,Manual,3,2011-11-22 14:23:00,1.25,17338,United Kingdom
578043,POST,POSTAGE,2,2011-11-22 14:39:00,18.0,12474,Germany
578060,M,Manual,1600,2011-11-22 15:22:00,0.25,17857,United Kingdom
578074,M,Manual,1,2011-11-22 16:06:00,1.25,17590,United Kingdom
578082,POST,POSTAGE,1,2011-11-22 16:33:00,15.0,12775,Netherlands
578084,POST,POSTAGE,2,2011-11-22 16:34:00,15.0,12465,Belgium
578089,POST,POSTAGE,4,2011-11-22 17:02:00,40.0,12483,Sweden
578099,POST,POSTAGE,2,2011-11-23 08:05:00,1.0,12452,Switzerland
578123,POST,POSTAGE,2,2011-11-23 10:28:00,40.0,12452,Switzerland
578126,POST,POSTAGE,1,2011-11-23 10:32:00,4.95,16900,United Kingdom
578270,DOT,DOTCOM POSTAGE,1,2011-11-23 13:39:00,1270.06,14096,United Kingdom
578295,POST,POSTAGE,2,2011-11-23 14:39:00,18.0,12569,Germany
578298,POST,POSTAGE,3,2011-11-23 14:52:00,18.0,12619,Germany
578300,POST,POSTAGE,1,2011-11-23 15:02:00,40.0,12664,Finland
578333,POST,POSTAGE,2,2011-11-24 08:50:00,18.0,12471,Germany
578339,POST,POSTAGE,1,2011-11-24 09:07:00,28.0,12421,Spain
578348,POST,POSTAGE,2,2011-11-24 09:34:00,18.0,12494,France
578425,POST,POSTAGE,4,2011-11-24 12:01:00,18.0,12705,Germany
578463,POST,POSTAGE,2,2011-11-24 12:30:00,28.0,12757,Portugal
578469,POST,POSTAGE,4,2011-11-24 12:36:00,18.0,12471,Germany
578472,POST,POSTAGE,9,2011-11-24 12:40:00,18.0,12476,Germany
578509,POST,POSTAGE,1,2011-11-24 13:17:00,18.0,12705,Germany
578547,POST,POSTAGE,3,2011-11-24 15:02:00,18.0,12720,Germany
578698,POST,POSTAGE,2,2011-11-25 10:20:00,18.0,12620,France
578736,POST,POSTAGE,8,2011-11-25 11:33:00,18.0,12681,France
578757,M,Manual,2,2011-11-25 11:41:00,0.85,12748,United Kingdom
578811,POST,POSTAGE,8,2011-11-25 13:28:00,40.0,12438,Norway
578835,POST,POSTAGE,1,2011-11-25 15:44:00,18.0,12682,France
578941,M,Manual,6,2011-11-27 13:26:00,0.39,16024,United Kingdom
578941,M,Manual,14,2011-11-27 13:26:00,0.21,16024,United Kingdom
578996,M,Manual,1,2011-11-27 16:02:00,1.0,13991,United Kingdom
579094,POST,POSTAGE,8,2011-11-28 10:56:00,18.0,12668,Germany
579137,BANK CHARGES,Bank Charges,1,2011-11-28 12:51:00,15.0,14704,United Kingdom
579152,POST,POSTAGE,3,2011-11-28 13:26:00,18.0,12479,Germany
579153,POST,POSTAGE,1,2011-11-28 13:26:00,18.0,12660,France
579190,POST,POSTAGE,4,2011-11-28 15:35:00,18.0,12657,France
579193,POST,POSTAGE,4,2011-11-28 15:47:00,18.0,12657,France
579196,DOT,DOTCOM POSTAGE,1,2011-11-28 15:54:00,1526.76,14096,United Kingdom
579259,POST,POSTAGE,1,2011-11-29 08:40:00,40.0,12451,Switzerland
579276,POST,POSTAGE,1,2011-11-29 10:10:00,18.0,12654,Germany
579281,POST,POSTAGE,1,2011-11-29 10:36:00,40.0,12375,Finland
579345,POST,POSTAGE,4,2011-11-29 11:46:00,18.0,12727,France
579393,POST,POSTAGE,3,2011-11-29 12:07:00,18.0,12627,Germany
579416,POST,POSTAGE,5,2011-11-29 13:00:00,18.0,12471,Germany
579441,POST,POSTAGE,4,2011-11-29 13:33:00,15.0,12464,Belgium
579492,POST,POSTAGE,3,2011-11-29 15:23:00,18.0,12670,France
579528,POST,POSTAGE,1,2011-11-30 08:44:00,15.0,12787,Netherlands
579529,POST,POSTAGE,3,2011-11-30 08:50:00,18.0,12488,France
579550,POST,POSTAGE,3,2011-11-30 10:48:00,40.0,12630,Finland
579708,POST,POSTAGE,4,2011-11-30 14:16:00,18.0,12682,France
579711,M,Manual,1,2011-11-30 14:17:00,1.25,15060,United Kingdom
579747,POST,POSTAGE,3,2011-11-30 14:40:00,18.0,12528,Germany
579786,POST,POSTAGE,2,2011-11-30 15:31:00,18.0,12524,Germany
579790,POST,POSTAGE,2,2011-11-30 15:38:00,28.0,12784,Portugal
579792,POST,POSTAGE,5,2011-11-30 15:43:00,18.0,12714,France
579870,POST,POSTAGE,2,2011-11-30 16:47:00,18.0,12437,France
579901,POST,POSTAGE,3,2011-12-01 08:35:00,18.0,12569,Germany
579927,POST,POSTAGE,3,2011-12-01 09:20:00,18.0,12572,Germany
580027,M,Manual,1,2011-12-01 12:01:00,10.0,14178,United Kingdom
580054,M,Manual,8,2011-12-01 13:08:00,0.08,18122,United Kingdom
580120,POST,POSTAGE,1,2011-12-01 16:38:00,18.0,12553,France
580123,POST,POSTAGE,2,2011-12-01 17:07:00,40.0,12664,Finland
580126,POST,POSTAGE,3,2011-12-01 17:20:00,18.0,12562,France
580144,POST,POSTAGE,1,2011-12-02 09:53:00,18.0,12684,France
580152,POST,POSTAGE,1,2011-12-02 10:22:00,15.0,12364,Belgium
580153,POST,POSTAGE,5,2011-12-02 10:23:00,28.0,12762,Portugal
580154,POST,POSTAGE,1,2011-12-02 10:24:00,18.0,12569,Germany
580160,POST,POSTAGE,7,2011-12-02 10:47:00,18.0,12700,France
580265,POST,POSTAGE,1,2011-12-02 12:47:00,40.0,12587,Finland
580281,POST,POSTAGE,1,2011-12-02 13:15:00,40.0,12704,Finland
580509,POST,POSTAGE,2,2011-12-04 13:45:00,18.0,12719,France
580511,POST,POSTAGE,4,2011-12-04 13:54:00,18.0,12560,Germany
580512,POST,POSTAGE,2,2011-12-04 13:55:00,18.0,12673,Germany
580531,POST,POSTAGE,1,2011-12-04 15:47:00,18.0,12569,Germany
580534,POST,POSTAGE,1,2011-12-04 16:02:00,18.0,12724,France
580536,POST,POSTAGE,3,2011-12-04 16:07:00,18.0,12490,France
580545,POST,POSTAGE,1,2011-12-05 09:16:00,28.0,12782,Portugal
580548,POST,POSTAGE,1,2011-12-05 09:41:00,18.0,12569,Germany
580611,M,Manual,1,2011-12-05 11:49:00,0.85,12748,United Kingdom
580638,POST,POSTAGE,1,2011-12-05 12:44:00,40.0,12381,Norway
580645,M,Manual,1,2011-12-05 13:11:00,219.5,17857,United Kingdom
580646,M,Manual,800,2011-12-05 13:13:00,0.25,17857,United Kingdom
580648,POST,POSTAGE,1,2011-12-05 13:15:00,18.0,12628,Germany
580705,POST,POSTAGE,5,2011-12-05 16:28:00,1.0,12683,France
580706,POST,POSTAGE,5,2011-12-05 16:31:00,17.0,12683,France
580716,POST,POSTAGE,1,2011-12-05 16:48:00,18.0,12367,Denmark
580727,DOT,DOTCOM POSTAGE,1,2011-12-05 17:17:00,1599.26,14096,United Kingdom
580734,POST,POSTAGE,4,2011-12-06 08:46:00,28.0,12766,Portugal
580736,POST,POSTAGE,2,2011-12-06 08:55:00,18.0,12716,France
580752,POST,POSTAGE,3,2011-12-06 09:56:00,45.0,12478,Greece
580753,POST,POSTAGE,3,2011-12-06 10:00:00,18.0,12682,France
580756,POST,POSTAGE,1,2011-12-06 10:19:00,18.0,12723,France
580884,M,Manual,1,2011-12-06 12:21:00,0.85,15907,United Kingdom
580955,POST,POSTAGE,1,2011-12-06 14:22:00,28.0,12442,Spain
580956,M,Manual,4,2011-12-06 14:23:00,1.25,17841,United Kingdom
580965,POST,POSTAGE,3,2011-12-06 14:52:00,15.0,12417,Belgium
580979,POST,POSTAGE,3,2011-12-06 15:40:00,18.0,12362,Belgium
580986,POST,POSTAGE,4,2011-12-06 16:34:00,18.0,12650,France
581000,POST,POSTAGE,5,2011-12-07 08:03:00,18.0,12720,Germany
581001,POST,POSTAGE,3,2011-12-07 08:07:00,18.0,12583,France
581127,BANK CHARGES,Bank Charges,1,2011-12-07 12:45:00,15.0,16271,United Kingdom
581171,POST,POSTAGE,2,2011-12-07 15:02:00,18.0,12615,France
581179,POST,POSTAGE,1,2011-12-07 15:43:00,240.0,12471,Germany
581182,POST,POSTAGE,4,2011-12-07 15:56:00,28.0,12783,Portugal
581183,POST,POSTAGE,4,2011-12-07 16:24:00,18.0,12569,Germany
581184,POST,POSTAGE,2,2011-12-07 16:24:00,18.0,12569,Germany
581232,POST,POSTAGE,4,2011-12-08 10:26:00,40.0,12358,Austria
581266,POST,POSTAGE,5,2011-12-08 11:25:00,18.0,12621,Germany
581279,POST,POSTAGE,3,2011-12-08 11:35:00,18.0,12437,France
581405,M,Manual,3,2011-12-08 13:50:00,0.42,13521,United Kingdom
581493,POST,POSTAGE,1,2011-12-09 10:10:00,15.0,12423,Belgium
581494,POST,POSTAGE,2,2011-12-09 10:13:00,18.0,12518,Germany
581570,POST,POSTAGE,1,2011-12-09 11:59:00,18.0,12662,Germany
581574,POST,POSTAGE,2,2011-12-09 12:09:00,18.0,12526,Germany
581578,POST,POSTAGE,3,2011-12-09 12:16:00,18.0,12713,Germany
